transaction_hour,transaction_date,transaction_month,transaction_year,transaction_amount,transaction_category,mobile_number,upi_transaction_id,state,zip_code,location,user_age,merchant_age,fraud_or_not
6,20,11,2025,1210.18,Travel,9770094950,TXN45788921,Delhi,621430,Delhi,28,4,0
2,22,5,2025,2802.85,FoodDelivery,9909827741,TXN13344769,Tamil Nadu,335796,Bangalore,29,12,0
9,16,3,2025,385.61,FoodDelivery,9496917567,TXN75285250,Gujarat,628178,Ahmedabad,26,7,0
13,18,10,2025,290.63,Travel,9891274835,TXN21392366,Tamil Nadu,672843,Ahmedabad,25,15,0
16,4,2,2025,869,Bills,9852288765,TXN96191493,Maharashtra,415139,Ahmedabad,35,12,1
3,14,8,2025,676,FoodDelivery,9294249720,TXN65105831,Gujarat,123247,Ahmedabad,35,15,0
12,9,1,2025,12.61,Groceries,9195540567,TXN95390464,Tamil Nadu,233767,Delhi,34,8,0
0,27,5,2025,2086.21,Bills,9597653800,TXN47407771,Karnataka,130535,Chennai,51,1,0
22,24,5,2025,1046.3,Utilities,9689324250,TXN24881728,Delhi,999684,Delhi,18,5,0
13,7,11,2025,591.74,Bills,9209174313,TXN17887739,Gujarat,353618,Bangalore,49,4,1
22,7,11,2025,181.58,Travel,9430626207,TXN31970758,Delhi,979858,Chennai,19,10,0
20,6,4,2025,1784.65,OnlineShopping,9419309439,TXN63892568,Karnataka,785440,Bangalore,44,13,0
6,6,8,2025,611.01,Utilities,9926506464,TXN93375337,Tamil Nadu,265838,Delhi,49,9,0
16,26,4,2025,226.82,Bills,9318520688,TXN25421040,Karnataka,870746,Bangalore,19,2,0
22,5,1,2025,804.87,Utilities,9722318721,TXN98917675,Maharashtra,335167,Chennai,28,17,0
23,5,4,2025,3279.8,Utilities,9253651082,TXN26887294,Karnataka,455528,Chennai,23,16,0
19,27,4,2025,13.38,OnlineShopping,9355555070,TXN43267858,Tamil Nadu,758271,Chennai,58,1,0
6,18,8,2025,118.36,FoodDelivery,9587365080,TXN89214742,Maharashtra,654594,Chennai,33,16,0
16,2,1,2025,78.18,FoodDelivery,9350368452,TXN42797855,Delhi,798376,Bangalore,52,19,0
2,20,8,2025,414.69,Groceries,9710021271,TXN40831219,Delhi,478480,Chennai,55,8,0
2,16,9,2025,871.33,Travel,9245689489,TXN29576703,Maharashtra,177505,Delhi,33,9,0
3,1,5,2025,157.61,OnlineShopping,9776942224,TXN34947744,Tamil Nadu,207450,Delhi,39,14,0
5,13,3,2025,1780.84,OnlineShopping,9891967770,TXN68245345,Gujarat,940477,Bangalore,45,15,0
4,16,3,2025,678.91,Groceries,9287276799,TXN99595920,Tamil Nadu,224123,Ahmedabad,63,6,0
8,5,8,2025,321.28,Utilities,9410493790,TXN59742523,Karnataka,748307,Ahmedabad,38,1,0
17,25,10,2025,2201.03,Bills,9873166402,TXN42474983,Maharashtra,172991,Mumbai,44,10,0
16,8,1,2025,117.52,Utilities,9570260911,TXN63007836,Maharashtra,250262,Mumbai,52,18,0
12,26,7,2025,556.95,Travel,9934400275,TXN46253447,Tamil Nadu,712210,Chennai,51,2,0
21,19,9,2025,134.77,Utilities,9256943484,TXN81531065,Karnataka,170313,Delhi,54,1,0
11,12,5,2025,488.91,Utilities,9321971308,TXN39549535,Tamil Nadu,562894,Delhi,57,16,1
9,19,1,2025,407.09,OnlineShopping,9911626075,TXN78532150,Maharashtra,977284,Mumbai,40,9,0
0,26,10,2025,136.1,Bills,9311426941,TXN10529525,Karnataka,276615,Ahmedabad,18,16,0
4,22,7,2025,39.11,Bills,9555149199,TXN20292658,Gujarat,303861,Bangalore,46,14,0
14,17,4,2025,154.22,Bills,9157399769,TXN30279846,Tamil Nadu,555968,Ahmedabad,40,10,1
3,2,4,2025,375.51,Bills,9887852946,TXN23470137,Karnataka,404119,Ahmedabad,62,4,0
15,23,2,2025,21.5,OnlineShopping,9318825555,TXN65723671,Tamil Nadu,636226,Chennai,50,1,0
10,5,3,2025,1373.74,Bills,9987702570,TXN45610155,Gujarat,208940,Chennai,48,14,0
18,18,3,2025,328.25,Bills,9396248071,TXN54653148,Maharashtra,437497,Mumbai,58,7,0
20,18,11,2025,1679.53,FoodDelivery,9821322712,TXN13369720,Tamil Nadu,930857,Ahmedabad,26,3,1
15,4,2,2025,230.16,Utilities,9365715423,TXN72976036,Tamil Nadu,267280,Ahmedabad,40,3,0
16,17,4,2025,1401.07,Utilities,9304591500,TXN98146618,Delhi,278352,Chennai,29,9,0
8,7,4,2025,681.6,Travel,9493866308,TXN61371106,Tamil Nadu,320184,Chennai,38,4,1
15,25,7,2025,76.51,Bills,9347212966,TXN88507230,Maharashtra,633636,Delhi,40,11,0
14,12,9,2025,1146.74,FoodDelivery,9601947280,TXN41665404,Gujarat,805703,Mumbai,26,18,0
1,5,5,2025,212.45,Travel,9618154048,TXN33020885,Tamil Nadu,585008,Bangalore,62,4,0
18,12,6,2025,976.85,Bills,9771536985,TXN86246546,Delhi,186188,Ahmedabad,45,8,0
8,7,1,2025,914.15,FoodDelivery,9745202424,TXN48503931,Karnataka,648248,Bangalore,55,6,0
12,13,5,2025,35.5,Travel,9826346491,TXN58518372,Tamil Nadu,715650,Delhi,37,18,0
16,14,1,2025,790.14,Utilities,9676392450,TXN88815702,Karnataka,965291,Mumbai,49,16,0
11,24,5,2025,259.9,FoodDelivery,9730708899,TXN66987271,Maharashtra,730075,Mumbai,45,5,1
21,17,9,2025,296.3,FoodDelivery,9541444812,TXN37345820,Gujarat,265421,Delhi,23,18,0
4,15,9,2025,433.36,Utilities,9598490609,TXN97350522,Gujarat,268964,Bangalore,18,18,1
16,11,5,2025,1107.69,Groceries,9440007738,TXN38267184,Gujarat,251456,Mumbai,58,3,0
20,16,7,2025,1600.34,Groceries,9247516100,TXN39702914,Gujarat,910006,Ahmedabad,54,10,0
16,21,9,2025,110.64,OnlineShopping,9206222252,TXN63363404,Tamil Nadu,646237,Bangalore,57,2,0
7,7,10,2025,551.59,Utilities,9195856757,TXN91052418,Delhi,787409,Chennai,18,12,0
16,16,7,2025,1125.65,Travel,9698552461,TXN81209537,Delhi,415826,Chennai,51,6,0
17,15,11,2025,76.33,Bills,9522004019,TXN79562616,Karnataka,983671,Chennai,47,10,0
4,4,10,2025,2089.33,Bills,9181251088,TXN45409403,Tamil Nadu,750199,Ahmedabad,51,6,0
12,11,11,2025,219.7,OnlineShopping,9260045166,TXN26663288,Delhi,766997,Chennai,57,4,0
2,3,11,2025,881.03,Bills,9537809212,TXN30568697,Delhi,517170,Ahmedabad,22,18,0
21,21,6,2025,102.84,Groceries,9555229963,TXN90890201,Maharashtra,470608,Mumbai,62,9,0
14,25,6,2025,68.24,Utilities,9774213994,TXN72802750,Gujarat,759792,Mumbai,53,1,0
2,20,8,2025,530.13,Bills,9142758171,TXN10067661,Maharashtra,772108,Mumbai,31,19,0
14,23,11,2025,607.62,Travel,9603434513,TXN52573305,Delhi,921106,Bangalore,54,10,0
16,7,6,2025,317.4,FoodDelivery,9703560080,TXN32419480,Tamil Nadu,631849,Delhi,58,13,0
3,15,6,2025,707.14,Groceries,9376847339,TXN21082322,Maharashtra,462920,Ahmedabad,23,2,0
12,6,5,2025,2170.75,Travel,9537152405,TXN38272916,Tamil Nadu,287210,Bangalore,20,19,0
4,4,8,2025,95.06,Bills,9426410707,TXN13094235,Delhi,222883,Bangalore,47,6,0
1,15,11,2025,678.18,OnlineShopping,9480459180,TXN93721515,Gujarat,237541,Mumbai,21,19,0
19,17,1,2025,754.56,Utilities,9448915492,TXN36216317,Delhi,656542,Chennai,30,11,0
5,18,8,2025,115.48,Bills,9966425729,TXN52321932,Maharashtra,108512,Ahmedabad,26,17,0
14,24,6,2025,424.61,Utilities,9558269790,TXN39967940,Tamil Nadu,886667,Mumbai,31,11,1
11,3,3,2025,2087.83,Utilities,9306564923,TXN11135964,Delhi,535048,Ahmedabad,31,3,0
4,19,11,2025,803.57,Utilities,9567423363,TXN25876696,Gujarat,838345,Bangalore,35,8,0
7,14,3,2025,782.75,Groceries,9910652222,TXN21683982,Karnataka,250168,Bangalore,50,15,0
13,21,8,2025,208.08,OnlineShopping,9879657413,TXN20016389,Delhi,196646,Delhi,25,10,0
14,15,1,2025,609.93,OnlineShopping,9265773731,TXN20321336,Karnataka,930460,Ahmedabad,44,1,0
21,2,10,2025,544.95,Bills,9495488096,TXN49367797,Gujarat,254782,Chennai,62,15,0
4,15,4,2025,1024.83,Bills,9152411802,TXN79353566,Delhi,532882,Chennai,53,11,0
19,11,10,2025,335.48,Utilities,9747901895,TXN84504214,Maharashtra,176077,Delhi,29,13,0
17,25,1,2025,14.62,FoodDelivery,9499272618,TXN46346859,Tamil Nadu,311951,Chennai,22,5,0
9,17,10,2025,57.13,OnlineShopping,9547737293,TXN92972373,Delhi,769078,Bangalore,63,5,1
13,4,6,2025,1453.62,Groceries,9614950974,TXN90908854,Delhi,430388,Bangalore,26,10,0
20,26,9,2025,97.07,FoodDelivery,9260612888,TXN94903513,Delhi,566725,Mumbai,24,18,0
16,11,11,2025,481.83,OnlineShopping,9857576343,TXN74991256,Tamil Nadu,906388,Bangalore,46,11,0
17,21,1,2025,156.85,FoodDelivery,9997600872,TXN45966581,Tamil Nadu,776926,Ahmedabad,57,17,0
12,23,3,2025,188.48,OnlineShopping,9526863933,TXN85761695,Gujarat,841804,Ahmedabad,47,16,0
17,1,3,2025,483.07,Bills,9247986933,TXN24013403,Karnataka,651025,Delhi,21,1,0
22,7,3,2025,373.84,Bills,9733208786,TXN91602413,Maharashtra,283675,Bangalore,40,18,0
7,1,9,2025,200.79,OnlineShopping,9123656190,TXN94656124,Karnataka,578446,Ahmedabad,20,19,0
14,8,2,2025,1309.1,Utilities,9543229471,TXN61309687,Delhi,112175,Chennai,54,14,0
15,18,7,2025,802.44,Groceries,9992864662,TXN28803796,Delhi,267292,Delhi,53,18,0
14,5,4,2025,327.42,Bills,9585585602,TXN22790902,Tamil Nadu,478387,Ahmedabad,54,6,0
8,2,5,2025,279.04,FoodDelivery,9158436437,TXN74910615,Karnataka,356713,Delhi,63,17,0
16,14,9,2025,624.07,Travel,9755197464,TXN43877350,Karnataka,941461,Delhi,63,4,0
12,2,7,2025,919.55,Utilities,9805658001,TXN20971177,Tamil Nadu,288456,Mumbai,34,5,0
11,23,5,2025,8.85,Travel,9158771482,TXN80860062,Delhi,104263,Mumbai,29,13,0
6,10,1,2025,434.09,FoodDelivery,9189813693,TXN91250937,Maharashtra,201371,Delhi,18,19,0
18,26,5,2025,1451.59,OnlineShopping,9553860863,TXN49787171,Karnataka,517978,Delhi,51,15,1
21,5,8,2025,193.6,FoodDelivery,9271123438,TXN62673683,Delhi,560514,Chennai,60,17,0
12,11,2,2025,781.11,Bills,9557836020,TXN12721864,Karnataka,793264,Bangalore,42,11,0
6,3,3,2025,64.76,FoodDelivery,9936214955,TXN32564965,Maharashtra,385195,Delhi,54,12,0
16,17,10,2025,938.39,Groceries,9895139886,TXN55745469,Delhi,302503,Ahmedabad,34,5,0
5,8,9,2025,1869.44,FoodDelivery,9929681210,TXN91252249,Karnataka,616142,Mumbai,33,7,1
20,22,10,2025,300.17,Travel,9303362440,TXN31900146,Maharashtra,666074,Ahmedabad,35,7,0
9,7,1,2025,840.24,OnlineShopping,9360606571,TXN62879148,Maharashtra,234055,Mumbai,40,12,0
23,17,4,2025,1251.28,Groceries,9640699345,TXN96621344,Gujarat,703561,Chennai,19,3,0
22,13,2,2025,2238.39,OnlineShopping,9400775290,TXN50739629,Tamil Nadu,931516,Bangalore,46,12,0
23,12,9,2025,1169.76,Groceries,9470958334,TXN74884070,Tamil Nadu,243748,Bangalore,47,17,0
13,24,2,2025,281.13,Utilities,9482718244,TXN56571160,Karnataka,885332,Bangalore,32,17,0
3,12,11,2025,2395.97,Travel,9138580196,TXN58665285,Delhi,785117,Ahmedabad,51,7,1
7,20,6,2025,748.66,Travel,9616851053,TXN61195209,Delhi,161665,Bangalore,43,9,0
2,24,6,2025,1290.64,Utilities,9674606000,TXN88427656,Delhi,555699,Mumbai,59,3,0
16,24,3,2025,1353.53,Utilities,9628012044,TXN31765239,Gujarat,568974,Bangalore,26,4,0
1,11,9,2025,396.97,OnlineShopping,9656262363,TXN44045468,Karnataka,904034,Bangalore,51,12,0
14,8,9,2025,640.33,OnlineShopping,9234823137,TXN19462743,Tamil Nadu,658030,Delhi,22,16,0
5,5,5,2025,3811.83,Bills,9670828076,TXN60837727,Gujarat,184082,Mumbai,20,8,0
12,13,1,2025,1687.13,OnlineShopping,9607496783,TXN19456807,Tamil Nadu,590042,Delhi,58,13,0
20,10,4,2025,771.15,Utilities,9912700347,TXN20115078,Gujarat,148874,Ahmedabad,48,10,0
10,21,7,2025,140.21,FoodDelivery,9341298689,TXN94328141,Gujarat,716412,Chennai,56,2,0
13,27,1,2025,656.5,Bills,9675550139,TXN48965695,Gujarat,358722,Delhi,47,7,0
1,15,5,2025,86.52,FoodDelivery,9846265491,TXN11656671,Tamil Nadu,238563,Delhi,34,12,0
9,22,1,2025,47.73,OnlineShopping,9539867601,TXN30353727,Gujarat,776555,Chennai,52,12,0
10,1,6,2025,371.96,OnlineShopping,9110774986,TXN14421590,Maharashtra,111745,Mumbai,46,4,0
12,9,7,2025,598.97,Travel,9931858844,TXN83548874,Tamil Nadu,544191,Mumbai,64,14,0
10,27,3,2025,2410.52,FoodDelivery,9234442423,TXN63773276,Gujarat,532430,Ahmedabad,37,6,0
4,3,11,2025,421.2,FoodDelivery,9960535970,TXN11074961,Tamil Nadu,380783,Delhi,25,14,0
20,8,11,2025,1490.35,FoodDelivery,9176716230,TXN15241218,Gujarat,707167,Chennai,41,3,0
14,25,7,2025,106.99,FoodDelivery,9874407907,TXN65940773,Karnataka,877147,Ahmedabad,19,8,0
12,17,8,2025,499.79,Utilities,9712005183,TXN98240465,Delhi,777164,Bangalore,50,6,1
10,22,3,2025,88.68,Groceries,9541489995,TXN86934008,Tamil Nadu,410931,Bangalore,27,8,0
0,2,1,2025,73.58,Travel,9454371485,TXN18388512,Gujarat,999187,Mumbai,39,7,0
6,26,10,2025,1289.9,Bills,9276881769,TXN58243574,Tamil Nadu,424912,Delhi,20,6,0
8,7,9,2025,987.71,Bills,9638179419,TXN97952701,Tamil Nadu,506845,Delhi,24,11,0
3,6,10,2025,1225.36,OnlineShopping,9275037566,TXN43283771,Maharashtra,661165,Delhi,35,12,0
12,25,3,2025,197.96,Utilities,9473214563,TXN46286070,Gujarat,170326,Delhi,61,18,0
18,22,5,2025,4486.9,Groceries,9745643906,TXN91718171,Maharashtra,895378,Delhi,46,15,0
11,17,5,2025,1039.12,Travel,9513370391,TXN92649491,Gujarat,912395,Chennai,41,18,0
8,4,10,2025,1033.54,FoodDelivery,9630098753,TXN27066318,Maharashtra,486821,Mumbai,29,3,0
7,21,1,2025,112.85,FoodDelivery,9783039471,TXN44812381,Maharashtra,297133,Mumbai,54,5,0
8,22,8,2025,692.89,FoodDelivery,9499220865,TXN16491878,Karnataka,685560,Bangalore,45,2,0
4,1,8,2025,730.46,FoodDelivery,9975269422,TXN78393246,Delhi,807593,Delhi,31,16,0
9,12,9,2025,450.94,FoodDelivery,9477460487,TXN57602635,Karnataka,471000,Chennai,45,11,0
4,12,5,2025,1217.84,FoodDelivery,9943396919,TXN97901550,Tamil Nadu,576410,Ahmedabad,37,18,1
8,5,4,2025,42.46,Groceries,9624458102,TXN35560098,Gujarat,259476,Delhi,22,1,0
13,12,10,2025,405.17,Bills,9898725370,TXN31217066,Maharashtra,669560,Mumbai,46,7,0
14,11,2,2025,335.64,Utilities,9699797587,TXN13184790,Gujarat,490479,Mumbai,59,8,1
0,23,8,2025,135.84,Utilities,9607417092,TXN99763925,Maharashtra,148320,Mumbai,60,10,0
17,17,10,2025,1625.47,Groceries,9230511435,TXN93149786,Karnataka,416205,Chennai,50,1,0
15,14,5,2025,879.62,Groceries,9557813593,TXN30717501,Tamil Nadu,562785,Mumbai,23,9,0
15,13,9,2025,75.87,Groceries,9568622282,TXN25099203,Maharashtra,476188,Chennai,55,19,0
17,13,9,2025,305.24,Travel,9391345738,TXN12887296,Karnataka,151924,Bangalore,29,7,0
18,25,1,2025,216.97,Groceries,9935025186,TXN46591531,Maharashtra,734122,Delhi,25,14,0
1,14,9,2025,382.15,Bills,9965343815,TXN91955631,Maharashtra,864357,Chennai,46,12,0
15,5,4,2025,749,Utilities,9982717562,TXN88308332,Gujarat,950538,Ahmedabad,32,4,1
14,4,5,2025,521.89,OnlineShopping,9535599137,TXN53300173,Gujarat,805475,Ahmedabad,63,15,0
7,16,10,2025,753.97,Bills,9743837953,TXN44253388,Tamil Nadu,855801,Bangalore,47,11,0
11,10,7,2025,595.83,Groceries,9389103785,TXN38186921,Tamil Nadu,732259,Bangalore,61,13,0
12,23,6,2025,1368.24,Utilities,9501745115,TXN50071048,Maharashtra,661672,Mumbai,41,10,1
15,17,10,2025,236.19,FoodDelivery,9206541105,TXN66728215,Delhi,529667,Chennai,56,10,0
18,4,10,2025,480.84,Bills,9757060420,TXN60526894,Karnataka,346242,Chennai,51,1,0
16,22,5,2025,821.71,FoodDelivery,9985562822,TXN76346143,Delhi,157993,Bangalore,31,13,0
1,3,7,2025,950.33,OnlineShopping,9927713065,TXN45609212,Karnataka,329104,Delhi,56,14,0
5,10,7,2025,1184.92,FoodDelivery,9467899367,TXN97144164,Karnataka,304451,Delhi,26,8,0
5,9,7,2025,57.56,Groceries,9451599419,TXN31958273,Tamil Nadu,372900,Chennai,44,8,0
17,3,6,2025,209.95,Bills,9456490498,TXN22132693,Maharashtra,351051,Mumbai,55,17,1
22,20,8,2025,694.91,Bills,9991743779,TXN91831756,Gujarat,372670,Bangalore,33,10,0
22,16,1,2025,286.32,FoodDelivery,9860972943,TXN42325149,Gujarat,959414,Chennai,57,5,0
23,12,1,2025,1476.3,Travel,9499127635,TXN40267797,Maharashtra,358503,Bangalore,33,12,0
1,14,4,2025,288.92,Bills,9493738988,TXN80379073,Karnataka,659873,Delhi,26,1,0
19,23,10,2025,734.22,Utilities,9827532962,TXN31586325,Delhi,634670,Chennai,54,10,0
16,10,6,2025,1360.58,OnlineShopping,9848629149,TXN22774615,Maharashtra,687421,Delhi,33,7,0
8,15,5,2025,18.53,OnlineShopping,9937308545,TXN30892578,Maharashtra,303981,Chennai,35,10,0
21,1,4,2025,745.88,Groceries,9556352877,TXN73607605,Gujarat,738387,Delhi,52,9,0
12,21,2,2025,56.49,Bills,9126231747,TXN53663896,Tamil Nadu,664396,Chennai,29,13,1
19,18,6,2025,0.27,OnlineShopping,9613626365,TXN47809281,Tamil Nadu,323894,Delhi,48,19,0
1,10,9,2025,47.94,OnlineShopping,9118268849,TXN42363575,Karnataka,793206,Delhi,26,3,0
13,19,7,2025,942.54,FoodDelivery,9607028064,TXN50467715,Tamil Nadu,593158,Bangalore,54,7,0
19,4,6,2025,444.22,Travel,9686710643,TXN62762173,Gujarat,458918,Delhi,45,14,0
21,5,7,2025,430.49,OnlineShopping,9824048276,TXN92430197,Gujarat,254249,Mumbai,56,5,0
20,26,2,2025,793.89,Travel,9321350225,TXN19091044,Gujarat,756031,Chennai,34,3,0
10,21,4,2025,247.42,Travel,9646318845,TXN99809441,Tamil Nadu,399631,Chennai,35,8,0
19,6,10,2025,1229.76,Travel,9671853424,TXN86599400,Karnataka,103191,Bangalore,58,1,0
15,1,10,2025,2131.06,FoodDelivery,9233875943,TXN64254875,Delhi,489878,Mumbai,25,8,0
16,23,8,2025,1712.78,Travel,9152492736,TXN34795222,Gujarat,825836,Bangalore,40,11,0
18,24,3,2025,9.75,Travel,9136847763,TXN90566548,Maharashtra,241214,Chennai,28,15,1
18,19,11,2025,425,Travel,9788494941,TXN87457397,Maharashtra,928965,Chennai,34,8,0
8,2,2,2025,8.39,FoodDelivery,9593976957,TXN56013251,Karnataka,552776,Bangalore,27,4,0
7,2,6,2025,532.45,FoodDelivery,9772756961,TXN23296138,Maharashtra,670126,Bangalore,57,18,0
7,27,10,2025,759.34,Utilities,9202182899,TXN94749483,Delhi,985421,Bangalore,38,3,0
22,7,1,2025,239.19,Bills,9684419476,TXN31654924,Gujarat,640285,Chennai,49,11,0
21,11,9,2025,2216.64,Travel,9807874257,TXN70961537,Gujarat,743534,Chennai,44,18,0
18,23,8,2025,335.31,Utilities,9281407402,TXN45154340,Gujarat,166912,Delhi,36,7,0
4,15,8,2025,495.26,Groceries,9664576770,TXN33313511,Delhi,646015,Mumbai,51,11,0
20,14,7,2025,763.56,Bills,9552623272,TXN11116271,Gujarat,621608,Chennai,53,10,0
21,12,1,2025,8.87,Groceries,9993668769,TXN47264820,Karnataka,770739,Delhi,33,19,0
5,24,3,2025,4487,FoodDelivery,9681434990,TXN57719804,Tamil Nadu,731827,Mumbai,41,3,0
5,21,6,2025,951.58,Travel,9224860617,TXN55677485,Tamil Nadu,816987,Bangalore,62,17,0
3,14,3,2025,53.64,Bills,9364074294,TXN76329075,Tamil Nadu,398871,Mumbai,47,18,0
18,17,3,2025,48.27,Travel,9249881373,TXN66775993,Gujarat,275006,Chennai,36,16,0
22,17,7,2025,215.2,FoodDelivery,9368616816,TXN29221242,Tamil Nadu,389530,Delhi,62,1,0
3,20,11,2025,926.46,Utilities,9674808138,TXN50253576,Maharashtra,627759,Ahmedabad,27,18,0
10,17,6,2025,255.14,Groceries,9871448826,TXN85057004,Delhi,123284,Delhi,59,3,0
18,5,5,2025,524.54,Travel,9994155849,TXN71069572,Tamil Nadu,869605,Mumbai,21,7,1
2,1,8,2025,1046.01,Utilities,9346016808,TXN21416757,Tamil Nadu,107531,Chennai,48,4,0
23,12,10,2025,265.24,FoodDelivery,9210465926,TXN10019675,Maharashtra,586799,Mumbai,42,13,0
8,13,4,2025,27.35,FoodDelivery,9614105169,TXN10805113,Delhi,466008,Ahmedabad,21,18,0
6,6,2,2025,1054.76,OnlineShopping,9649705175,TXN40647215,Gujarat,150601,Mumbai,61,14,0
20,18,5,2025,849.46,Bills,9921157796,TXN22155863,Karnataka,380466,Delhi,42,12,0
8,1,2,2025,1018.4,Bills,9481565944,TXN39489478,Karnataka,948464,Ahmedabad,51,11,0
21,17,1,2025,759.26,Utilities,9994644421,TXN23609569,Karnataka,803305,Ahmedabad,22,2,0
1,10,2,2025,1584.33,OnlineShopping,9748426108,TXN70910677,Tamil Nadu,174071,Chennai,27,3,0
16,7,5,2025,143.98,FoodDelivery,9128997485,TXN27642355,Gujarat,982766,Chennai,45,14,0
8,8,10,2025,1111.37,Groceries,9216683198,TXN21616152,Delhi,274023,Chennai,50,10,0
5,7,4,2025,480.74,OnlineShopping,9660149681,TXN25342276,Delhi,326058,Chennai,27,8,0
8,4,5,2025,805.37,Groceries,9726938414,TXN45823502,Maharashtra,500187,Chennai,23,12,0
15,3,3,2025,1819.87,OnlineShopping,9130284261,TXN77480480,Tamil Nadu,578336,Ahmedabad,49,16,0
3,6,6,2025,1555.22,Groceries,9330225419,TXN32362925,Karnataka,256222,Ahmedabad,38,13,0
5,26,11,2025,141.61,OnlineShopping,9902561860,TXN12592536,Tamil Nadu,621121,Mumbai,22,3,0
8,20,6,2025,622.6,OnlineShopping,9141156155,TXN17946155,Karnataka,842849,Chennai,61,9,0
1,22,3,2025,1695.02,Utilities,9846300377,TXN92434203,Maharashtra,321373,Bangalore,38,3,0
8,19,2,2025,1105.29,Groceries,9896739862,TXN73349631,Karnataka,696804,Chennai,28,15,0
0,20,2,2025,314.56,FoodDelivery,9880264494,TXN90021414,Karnataka,138547,Chennai,18,8,0
2,4,10,2025,575.03,Utilities,9574069134,TXN35793044,Delhi,543316,Chennai,31,4,0
6,9,3,2025,48.73,Bills,9747545970,TXN14058848,Delhi,909178,Delhi,44,2,0
5,14,4,2025,384.51,Utilities,9660066082,TXN37965074,Delhi,895219,Bangalore,42,8,0
5,23,6,2025,1563.47,OnlineShopping,9790502578,TXN68149762,Maharashtra,514994,Bangalore,45,13,1
8,27,7,2025,608.59,OnlineShopping,9627223726,TXN63009395,Gujarat,835036,Chennai,57,17,0
0,24,4,2025,286.79,OnlineShopping,9418862132,TXN78667106,Karnataka,591450,Bangalore,21,4,0
1,9,6,2025,1782.74,Travel,9478610749,TXN67244528,Tamil Nadu,285378,Delhi,63,18,0
20,5,4,2025,199,FoodDelivery,9593633440,TXN90813044,Gujarat,500584,Ahmedabad,26,4,0
1,24,1,2025,20.37,FoodDelivery,9790100661,TXN63789198,Karnataka,913081,Chennai,46,8,1
5,20,9,2025,970.23,FoodDelivery,9857745462,TXN63102022,Tamil Nadu,330147,Chennai,62,3,0
1,24,2,2025,512.29,Groceries,9126912512,TXN91428039,Karnataka,257584,Ahmedabad,29,6,0
7,19,10,2025,2847.2,Travel,9626218082,TXN46926887,Delhi,969807,Ahmedabad,37,17,0
5,17,1,2025,197.81,OnlineShopping,9503403155,TXN71313915,Karnataka,982470,Ahmedabad,59,11,0
8,9,8,2025,72.9,Groceries,9392945424,TXN96278999,Gujarat,135634,Delhi,56,9,0
10,14,3,2025,479.14,Utilities,9809545516,TXN94078592,Tamil Nadu,632498,Chennai,25,8,0
12,12,1,2025,1388.86,FoodDelivery,9405794297,TXN21353540,Karnataka,834042,Ahmedabad,64,17,0
17,18,2,2025,875.6,Groceries,9985779070,TXN37550115,Maharashtra,853298,Chennai,57,17,0
18,15,9,2025,2274.08,Travel,9867381608,TXN88039489,Delhi,765418,Ahmedabad,27,14,0
21,9,9,2025,134.09,OnlineShopping,9692177605,TXN26938661,Delhi,237103,Mumbai,34,9,0
2,11,1,2025,70.53,Bills,9787773028,TXN54768534,Karnataka,107461,Chennai,38,11,0
2,13,7,2025,625.64,Utilities,9267439993,TXN48309051,Tamil Nadu,273921,Delhi,20,12,1
22,8,11,2025,698.2,Bills,9615620858,TXN41457080,Tamil Nadu,752667,Bangalore,41,7,0
4,7,4,2025,36.65,Groceries,9511790528,TXN49275054,Tamil Nadu,826802,Ahmedabad,27,18,0
10,15,11,2025,421.6,Groceries,9534908016,TXN99638693,Gujarat,441383,Mumbai,29,6,0
3,17,2,2025,531.79,OnlineShopping,9237064002,TXN56338604,Tamil Nadu,877881,Delhi,63,11,0
9,19,2,2025,300.58,Travel,9995599502,TXN92039028,Maharashtra,876676,Mumbai,54,10,0
2,23,6,2025,738.94,FoodDelivery,9294910408,TXN75554800,Gujarat,423660,Delhi,64,17,0
15,22,4,2025,3133.99,Groceries,9330689072,TXN14327308,Maharashtra,632844,Ahmedabad,40,19,0
1,13,3,2025,156.01,Travel,9497061037,TXN96963179,Gujarat,567243,Delhi,56,4,0
23,3,2,2025,536.95,OnlineShopping,9239106812,TXN77980386,Tamil Nadu,943601,Bangalore,41,19,0
20,8,5,2025,516.32,FoodDelivery,9774064245,TXN48653586,Delhi,232212,Mumbai,28,13,0
21,21,6,2025,1250.46,FoodDelivery,9347995908,TXN65665616,Tamil Nadu,690381,Mumbai,29,6,0
18,26,4,2025,1593.42,Bills,9253689189,TXN77530144,Delhi,293226,Bangalore,34,19,0
17,19,4,2025,1314.35,OnlineShopping,9961031471,TXN76633032,Tamil Nadu,894448,Bangalore,50,8,0
5,3,11,2025,25.02,Utilities,9857557534,TXN75626102,Maharashtra,258175,Ahmedabad,39,11,0
9,10,5,2025,355.43,Bills,9458231720,TXN71423138,Karnataka,877949,Delhi,36,18,0
16,8,7,2025,1.86,OnlineShopping,9494202403,TXN43957412,Karnataka,881198,Ahmedabad,30,8,1
8,1,4,2025,963.27,Groceries,9433501357,TXN15553535,Tamil Nadu,632893,Delhi,52,8,0
12,13,2,2025,4.89,OnlineShopping,9196965754,TXN88665231,Maharashtra,967239,Bangalore,51,10,0
5,2,2,2025,990.6,FoodDelivery,9587052577,TXN58383190,Delhi,333077,Ahmedabad,56,7,0
8,21,5,2025,193.28,OnlineShopping,9734871096,TXN51280792,Karnataka,378710,Mumbai,27,4,0
19,20,2,2025,221.59,FoodDelivery,9411534579,TXN47452622,Tamil Nadu,330604,Delhi,40,8,0
22,14,2,2025,114.94,Bills,9333354314,TXN31847630,Karnataka,678526,Bangalore,46,18,0
5,17,7,2025,700.25,Groceries,9488139397,TXN22663723,Karnataka,941535,Ahmedabad,45,11,0
10,19,9,2025,1479.74,FoodDelivery,9408417987,TXN42995939,Maharashtra,213550,Delhi,30,19,1
15,24,3,2025,74.82,Bills,9281641686,TXN19144220,Karnataka,716410,Bangalore,27,15,0
20,11,5,2025,2706.23,FoodDelivery,9656630538,TXN67005840,Tamil Nadu,735310,Bangalore,47,9,0
18,19,5,2025,39.51,Travel,9988198447,TXN53465574,Tamil Nadu,518815,Bangalore,52,15,0
13,3,9,2025,43.02,Groceries,9898962700,TXN54042449,Gujarat,780332,Chennai,48,2,0
8,6,11,2025,1048.94,Utilities,9298601827,TXN27278806,Gujarat,314764,Mumbai,26,8,0
17,3,6,2025,828.13,Travel,9882516763,TXN60316725,Karnataka,436227,Ahmedabad,60,3,0
16,22,6,2025,580.31,FoodDelivery,9528924718,TXN12338377,Gujarat,906564,Mumbai,39,17,0
9,3,9,2025,1066.05,Utilities,9232876304,TXN15934261,Tamil Nadu,779447,Ahmedabad,60,4,0
5,1,4,2025,485.46,Groceries,9191465831,TXN37995739,Maharashtra,941675,Delhi,59,15,0
1,5,6,2025,457.46,Travel,9494293912,TXN97087158,Maharashtra,610470,Chennai,29,16,0
20,4,7,2025,1691.26,OnlineShopping,9201339592,TXN77487903,Delhi,844199,Bangalore,40,8,0
3,8,3,2025,990.67,Travel,9543634913,TXN75829275,Gujarat,658158,Chennai,40,12,0
7,9,7,2025,1230.4,FoodDelivery,9291050161,TXN94143434,Tamil Nadu,411573,Bangalore,34,12,0
9,27,3,2025,127.16,Travel,9217103047,TXN57050087,Tamil Nadu,369150,Chennai,28,11,0
14,20,6,2025,274.56,FoodDelivery,9266700600,TXN75030702,Karnataka,350541,Mumbai,43,17,1
19,20,9,2025,474.89,Utilities,9811427744,TXN97763889,Delhi,537985,Ahmedabad,38,14,0
5,22,2,2025,633.24,Utilities,9885188748,TXN64331101,Delhi,924837,Ahmedabad,25,12,0
11,1,1,2025,3178.8,Travel,9216963377,TXN53099658,Tamil Nadu,865419,Bangalore,33,4,1
15,24,11,2025,3176.73,Groceries,9140981642,TXN66424721,Delhi,401014,Mumbai,43,6,0
18,27,2,2025,958.69,OnlineShopping,9192168436,TXN76128719,Maharashtra,150081,Ahmedabad,59,8,0
3,15,1,2025,490.34,Groceries,9798790074,TXN21103831,Maharashtra,712181,Ahmedabad,39,12,0
9,4,5,2025,378.55,FoodDelivery,9335162878,TXN50216746,Gujarat,753015,Mumbai,57,2,0
15,27,6,2025,447.88,Groceries,9756118108,TXN62141506,Tamil Nadu,445740,Ahmedabad,27,4,0
23,23,11,2025,2478.16,Groceries,9292892575,TXN64633048,Gujarat,546790,Bangalore,20,3,0
6,27,10,2025,353.44,Bills,9104300915,TXN58632668,Tamil Nadu,575828,Delhi,35,4,0
0,26,10,2025,2003.16,FoodDelivery,9218194006,TXN35589001,Delhi,742762,Bangalore,58,5,0
16,22,2,2025,910.42,Groceries,9960965596,TXN92129604,Delhi,496087,Delhi,38,3,0
18,19,7,2025,1796.16,Bills,9712282919,TXN66684948,Tamil Nadu,799158,Mumbai,37,15,0
12,8,9,2025,280.43,Utilities,9989383835,TXN57427053,Karnataka,514170,Chennai,32,3,0
2,15,8,2025,1402.4,Travel,9931583201,TXN48021655,Maharashtra,447139,Delhi,51,17,0
23,20,7,2025,2139.03,Utilities,9300577204,TXN76772797,Karnataka,149976,Ahmedabad,23,5,0
7,7,7,2025,290.15,Travel,9905228755,TXN60107906,Delhi,714741,Chennai,45,12,0
3,15,9,2025,1509.34,Bills,9327336497,TXN64954685,Gujarat,649999,Delhi,31,16,1
21,4,7,2025,199.27,Utilities,9715018708,TXN58193845,Gujarat,904807,Bangalore,33,10,0
1,9,1,2025,2432.95,Bills,9165825272,TXN87138704,Tamil Nadu,843859,Bangalore,38,5,0
0,25,3,2025,368.72,Groceries,9953898110,TXN74451671,Maharashtra,907015,Delhi,23,1,0
6,25,1,2025,25.08,Groceries,9938552028,TXN83746504,Gujarat,162021,Chennai,20,17,0
11,16,7,2025,637.58,Groceries,9660569282,TXN69057625,Tamil Nadu,412863,Chennai,35,17,0
19,3,8,2025,1277.8,Groceries,9500626337,TXN10692924,Tamil Nadu,713079,Delhi,46,19,0
0,17,8,2025,42.44,Groceries,9352691908,TXN68043727,Gujarat,476047,Delhi,36,12,0
10,10,9,2025,136.89,FoodDelivery,9636996267,TXN47776534,Maharashtra,427031,Delhi,54,8,0
23,23,3,2025,1521.33,OnlineShopping,9649727410,TXN62212945,Tamil Nadu,923759,Chennai,50,17,0
20,11,5,2025,348.28,Groceries,9894545029,TXN69910712,Tamil Nadu,254692,Delhi,50,18,0
18,22,5,2025,59.87,Utilities,9632236846,TXN37664038,Tamil Nadu,597952,Ahmedabad,37,7,0
13,23,3,2025,1230.69,Travel,9535393271,TXN64777623,Maharashtra,573918,Mumbai,58,8,0
9,17,2,2025,2823.49,Travel,9759711293,TXN92184132,Maharashtra,996473,Chennai,58,17,0
11,7,11,2025,744.07,Bills,9179601871,TXN34483329,Tamil Nadu,296375,Mumbai,55,11,0
14,6,4,2025,282.25,Utilities,9940943763,TXN32740075,Delhi,588019,Delhi,64,2,0
1,22,3,2025,373.78,OnlineShopping,9856027145,TXN66635464,Karnataka,877567,Bangalore,53,2,0
0,19,10,2025,476.94,Travel,9936385870,TXN86386965,Delhi,878799,Ahmedabad,39,4,0
12,1,1,2025,389.7,Groceries,9280345992,TXN64779043,Delhi,364064,Mumbai,53,9,0
9,6,6,2025,85.97,Bills,9888482101,TXN72468785,Delhi,806291,Delhi,38,15,0
8,27,10,2025,4471.42,FoodDelivery,9586584080,TXN77113002,Karnataka,191176,Mumbai,37,13,0
16,21,7,2025,41.05,FoodDelivery,9159036718,TXN62488928,Karnataka,908301,Ahmedabad,60,16,1
10,18,3,2025,194.01,Groceries,9842478154,TXN14523535,Maharashtra,658685,Mumbai,35,6,0
3,27,8,2025,178.8,Bills,9158458981,TXN24418934,Delhi,996749,Delhi,63,10,0
5,11,9,2025,324.7,FoodDelivery,9608734235,TXN48685536,Gujarat,973096,Mumbai,38,2,0
10,27,6,2025,446.34,FoodDelivery,9250433393,TXN93269226,Gujarat,322542,Chennai,35,2,0
10,26,9,2025,179.61,Utilities,9111301119,TXN15939334,Gujarat,285194,Chennai,45,15,0
2,14,6,2025,851.77,Groceries,9847439717,TXN23925413,Gujarat,367247,Ahmedabad,22,17,0
20,18,7,2025,1019.99,FoodDelivery,9942677842,TXN81648034,Tamil Nadu,636644,Bangalore,21,12,0
23,10,7,2025,235.37,Travel,9545771070,TXN70712825,Tamil Nadu,431607,Bangalore,62,14,1
4,4,10,2025,374.11,Bills,9920857638,TXN65978831,Karnataka,123408,Ahmedabad,26,6,0
2,7,6,2025,589.85,Travel,9859954857,TXN50271958,Karnataka,335595,Delhi,47,9,0
4,23,4,2025,208.67,Travel,9809891472,TXN18556135,Gujarat,747652,Chennai,35,1,0
10,10,3,2025,221.17,Bills,9678271214,TXN59802235,Delhi,930371,Mumbai,26,10,0
13,7,7,2025,223.48,OnlineShopping,9467966325,TXN13452814,Tamil Nadu,679223,Delhi,26,15,0
0,19,3,2025,953.71,Bills,9837419712,TXN79437340,Maharashtra,785409,Delhi,30,1,0
15,15,1,2025,547.67,Travel,9474549404,TXN16852902,Maharashtra,433840,Ahmedabad,22,17,0
16,7,5,2025,1198.64,Utilities,9283644688,TXN68235050,Karnataka,747418,Ahmedabad,20,15,0
10,26,9,2025,1051.38,Groceries,9253143927,TXN21331383,Karnataka,526488,Bangalore,61,19,0
6,14,3,2025,1374.5,Groceries,9669340332,TXN76977550,Delhi,890666,Ahmedabad,63,8,0
15,2,8,2025,1678.74,FoodDelivery,9880495598,TXN55144248,Tamil Nadu,218094,Chennai,62,18,0
12,22,4,2025,4697.48,OnlineShopping,9283985897,TXN47203676,Delhi,703986,Delhi,31,8,0
3,27,4,2025,37.1,OnlineShopping,9870037855,TXN45921754,Delhi,395809,Bangalore,26,2,0
14,16,9,2025,695.94,Groceries,9459547129,TXN82079673,Gujarat,431119,Ahmedabad,56,17,0
18,12,11,2025,148.95,Groceries,9516451454,TXN76183387,Gujarat,208944,Delhi,38,4,0
20,22,10,2025,293.27,Travel,9189948213,TXN58155151,Delhi,400856,Ahmedabad,19,12,0
10,15,1,2025,702.94,Bills,9670366347,TXN37312498,Maharashtra,498102,Mumbai,49,17,0
5,25,3,2025,2238.4,Utilities,9420025728,TXN93802796,Tamil Nadu,361497,Ahmedabad,44,4,0
9,7,5,2025,1349.66,FoodDelivery,9146606102,TXN72516086,Tamil Nadu,253939,Chennai,50,8,0
21,6,5,2025,1754.73,Travel,9658517051,TXN43197175,Maharashtra,447823,Bangalore,63,8,0
6,8,6,2025,79.26,OnlineShopping,9369352928,TXN70998837,Gujarat,603551,Delhi,37,12,0
9,3,11,2025,221.13,Travel,9392506380,TXN31821296,Delhi,998035,Delhi,38,19,0
15,21,3,2025,12.69,Utilities,9815555735,TXN90137648,Tamil Nadu,613951,Delhi,52,3,0
20,10,3,2025,695.81,Travel,9694089500,TXN38905854,Delhi,766282,Mumbai,27,11,0
15,19,7,2025,2106.9,Utilities,9621778145,TXN44671806,Delhi,301604,Delhi,38,12,0
21,17,10,2025,1004.49,Groceries,9117196045,TXN60254111,Delhi,393052,Mumbai,44,18,0
10,21,5,2025,44.74,OnlineShopping,9946691838,TXN33612248,Karnataka,708713,Delhi,18,7,0
14,8,6,2025,485.83,Groceries,9475238748,TXN58294317,Maharashtra,537651,Mumbai,50,11,0
7,22,4,2025,2593.72,OnlineShopping,9697138587,TXN94806839,Maharashtra,236285,Ahmedabad,30,2,0
5,2,4,2025,65.45,OnlineShopping,9498745543,TXN14975467,Delhi,114995,Ahmedabad,57,17,0
19,23,11,2025,189.83,Travel,9684516846,TXN49314351,Delhi,621396,Bangalore,52,19,0
9,17,7,2025,771.95,Travel,9367980509,TXN22613997,Tamil Nadu,507931,Ahmedabad,29,17,0
9,19,11,2025,1246.27,FoodDelivery,9822061881,TXN55594401,Delhi,585651,Mumbai,55,10,0
14,5,4,2025,2891.81,Utilities,9813058296,TXN98826439,Tamil Nadu,306903,Delhi,63,8,0
23,10,7,2025,364.06,FoodDelivery,9847299452,TXN10278495,Tamil Nadu,347908,Mumbai,39,4,0
5,24,8,2025,69.09,Bills,9440652062,TXN92358282,Tamil Nadu,234445,Ahmedabad,55,10,0
13,24,3,2025,2.52,FoodDelivery,9638613078,TXN94921488,Karnataka,578454,Mumbai,59,2,0
12,25,2,2025,880.2,Groceries,9581908110,TXN60448489,Gujarat,930288,Bangalore,57,18,0
8,12,6,2025,1457.27,Groceries,9571564514,TXN89319087,Maharashtra,897583,Chennai,42,8,0
16,17,5,2025,570.92,Travel,9440653048,TXN65392443,Maharashtra,907221,Chennai,56,8,0
5,6,8,2025,163.92,Utilities,9547796674,TXN11317621,Maharashtra,592239,Ahmedabad,55,8,0
5,14,3,2025,2236.13,OnlineShopping,9475725131,TXN56015290,Gujarat,220062,Ahmedabad,42,9,0
20,26,4,2025,229.79,Utilities,9107199107,TXN12806284,Gujarat,373022,Mumbai,37,13,0
3,1,1,2025,346.13,Groceries,9288759959,TXN84648633,Maharashtra,171386,Ahmedabad,40,14,0
14,27,7,2025,5.16,FoodDelivery,9145422040,TXN74374460,Maharashtra,831893,Mumbai,34,7,1
17,14,2,2025,149.75,Travel,9155376477,TXN82792724,Karnataka,455239,Delhi,32,9,0
11,21,7,2025,787.49,Utilities,9319730336,TXN49651128,Tamil Nadu,790824,Bangalore,61,3,0
15,9,1,2025,1187.59,Groceries,9565228728,TXN17039879,Delhi,770909,Chennai,18,11,0
18,11,7,2025,107.27,Groceries,9342477561,TXN64732500,Gujarat,550983,Mumbai,55,5,0
18,22,8,2025,1194.19,OnlineShopping,9824055410,TXN15728394,Karnataka,848692,Delhi,19,8,1
16,6,3,2025,170.86,FoodDelivery,9521375937,TXN51495670,Gujarat,484370,Chennai,21,17,0
12,20,10,2025,1007.17,Groceries,9516122083,TXN66825938,Maharashtra,327579,Delhi,63,8,0
0,10,2,2025,3832.82,Groceries,9896649918,TXN79130699,Maharashtra,803363,Chennai,44,9,0
23,12,8,2025,334.14,Travel,9944882456,TXN39990398,Maharashtra,892130,Mumbai,41,10,1
19,8,10,2025,156.03,Travel,9593049026,TXN40271417,Delhi,897135,Bangalore,32,3,0
20,12,10,2025,1010.19,Bills,9725187667,TXN42059531,Tamil Nadu,775926,Bangalore,42,2,0
20,25,4,2025,1422.04,Utilities,9844502740,TXN79474749,Gujarat,980096,Chennai,55,15,1
13,20,9,2025,143.69,Groceries,9701811833,TXN76338692,Karnataka,457226,Chennai,64,4,0
20,3,6,2025,592.43,OnlineShopping,9790875943,TXN71395288,Tamil Nadu,395920,Delhi,22,13,0
4,24,11,2025,3152.68,Travel,9388768584,TXN98897082,Maharashtra,517216,Chennai,47,11,0
11,7,10,2025,1246.59,Travel,9395237045,TXN84293979,Maharashtra,588029,Bangalore,56,15,0
19,25,1,2025,489.89,Travel,9589498734,TXN61267968,Karnataka,915864,Mumbai,59,15,0
5,3,8,2025,137.87,Groceries,9435778320,TXN72640623,Gujarat,479653,Delhi,63,14,0
14,22,11,2025,1216.8,Travel,9977233143,TXN81967803,Gujarat,768629,Mumbai,40,2,0
4,26,4,2025,229.9,OnlineShopping,9771774143,TXN20311825,Tamil Nadu,860592,Bangalore,31,14,0
11,23,3,2025,1188.26,FoodDelivery,9930368162,TXN71431120,Delhi,847410,Chennai,53,3,0
15,12,8,2025,308.12,Travel,9630247824,TXN32919530,Maharashtra,793312,Delhi,49,4,0
13,5,4,2025,650.14,FoodDelivery,9775379087,TXN55806781,Tamil Nadu,606713,Chennai,49,13,0
2,22,8,2025,558.41,OnlineShopping,9153012638,TXN98553672,Gujarat,412257,Chennai,56,10,0
15,3,10,2025,302.47,Bills,9862090692,TXN64745659,Maharashtra,137034,Ahmedabad,40,5,0
23,26,4,2025,1169.26,Utilities,9105021983,TXN11985681,Maharashtra,870655,Bangalore,54,10,0
15,24,11,2025,655.7,Bills,9127397770,TXN51252240,Tamil Nadu,645726,Chennai,34,9,0
21,24,6,2025,464.67,Groceries,9745156819,TXN41148181,Delhi,346732,Delhi,59,3,1
11,23,1,2025,451.08,OnlineShopping,9909729256,TXN55507400,Maharashtra,936690,Ahmedabad,64,5,0
22,25,2,2025,149.97,Groceries,9302769993,TXN33547369,Karnataka,261081,Bangalore,42,14,0
15,2,10,2025,213.06,OnlineShopping,9444245844,TXN56177493,Gujarat,782886,Bangalore,19,12,0
17,22,11,2025,32.15,Groceries,9141604850,TXN86858897,Delhi,477844,Delhi,43,16,0
11,11,10,2025,710.07,Travel,9384391299,TXN31691366,Maharashtra,607353,Delhi,44,15,0
6,15,7,2025,638.57,FoodDelivery,9856434955,TXN28235532,Delhi,539358,Ahmedabad,34,4,0
4,26,4,2025,478.35,Travel,9643128750,TXN36099300,Maharashtra,953062,Ahmedabad,54,3,0
14,14,4,2025,140.79,Bills,9995880212,TXN75034404,Delhi,779222,Chennai,46,6,0
1,22,2,2025,46.68,FoodDelivery,9464379165,TXN82630316,Delhi,710774,Mumbai,30,11,0
3,22,4,2025,1808.31,FoodDelivery,9624464968,TXN58291558,Delhi,835122,Chennai,64,15,0
8,4,2,2025,404.66,FoodDelivery,9771672150,TXN92467453,Delhi,628036,Mumbai,21,12,0
9,9,10,2025,561.94,FoodDelivery,9826114793,TXN63979613,Delhi,831576,Ahmedabad,48,19,1
1,27,4,2025,473.11,Bills,9444820027,TXN49149527,Karnataka,468655,Ahmedabad,48,11,0
10,23,5,2025,1209.55,Bills,9201363566,TXN35256241,Tamil Nadu,528638,Bangalore,50,11,1
0,15,5,2025,1159.77,Bills,9540104553,TXN59987331,Tamil Nadu,734151,Mumbai,60,11,0
11,3,10,2025,1762.75,Utilities,9543026369,TXN77985200,Maharashtra,803803,Chennai,55,10,0
7,1,8,2025,1099.74,Bills,9104639022,TXN35657039,Gujarat,271541,Bangalore,37,18,0
8,16,2,2025,162.14,Groceries,9868195905,TXN32009867,Karnataka,121067,Mumbai,26,10,0
1,16,4,2025,527.33,Bills,9857625152,TXN81284146,Tamil Nadu,673091,Delhi,19,14,0
14,12,5,2025,688.08,Travel,9206017638,TXN11196311,Gujarat,349737,Ahmedabad,35,14,0
11,22,8,2025,1526.24,Travel,9286201507,TXN44741269,Gujarat,605187,Bangalore,49,1,0
19,18,6,2025,280.58,Travel,9194294138,TXN92322831,Delhi,700724,Delhi,31,7,0
5,12,1,2025,875.03,Utilities,9647047740,TXN15459501,Tamil Nadu,881712,Bangalore,64,12,0
12,27,4,2025,828.29,OnlineShopping,9309520845,TXN79578794,Karnataka,986004,Delhi,34,19,0
22,8,11,2025,1388.03,Travel,9162110920,TXN85689368,Maharashtra,966220,Ahmedabad,44,8,0
19,12,7,2025,67.61,Utilities,9933668439,TXN12670492,Maharashtra,692399,Delhi,37,14,0
20,15,1,2025,412.27,Travel,9570541139,TXN21765788,Delhi,824640,Delhi,52,5,0
11,20,4,2025,1120.22,FoodDelivery,9855646706,TXN59388645,Delhi,237900,Delhi,30,13,0
21,20,5,2025,1273.7,OnlineShopping,9942868946,TXN41281095,Tamil Nadu,209767,Mumbai,43,16,0
22,11,9,2025,71.97,OnlineShopping,9453979119,TXN60394662,Delhi,694699,Delhi,43,10,0
5,2,11,2025,253.73,Utilities,9109929645,TXN30809587,Karnataka,583241,Chennai,18,3,0
19,22,8,2025,62.06,Travel,9915769496,TXN65541643,Maharashtra,888325,Chennai,60,19,1
13,21,8,2025,2062.75,Travel,9170984280,TXN98924540,Karnataka,640277,Chennai,28,17,0
10,22,9,2025,231.08,Bills,9463109915,TXN84007274,Karnataka,759993,Bangalore,46,19,0
13,14,3,2025,858.59,Groceries,9556715202,TXN71158095,Tamil Nadu,398076,Ahmedabad,32,14,0
18,6,10,2025,761.49,Travel,9924777279,TXN95654773,Tamil Nadu,817221,Bangalore,59,7,0
17,17,9,2025,159.27,Groceries,9537256582,TXN92620796,Maharashtra,506245,Delhi,50,1,0
1,4,1,2025,774,Utilities,9351536089,TXN56016582,Maharashtra,473192,Ahmedabad,52,8,0
18,4,2,2025,603.97,OnlineShopping,9382826010,TXN17595853,Karnataka,410929,Chennai,46,16,0
3,5,1,2025,593.3,Utilities,9122048729,TXN15005231,Karnataka,398627,Delhi,19,12,1
3,18,10,2025,259.55,Travel,9634061312,TXN55525374,Maharashtra,962041,Mumbai,62,6,0
7,24,6,2025,507.18,Bills,9446368606,TXN55069853,Karnataka,296521,Bangalore,27,5,0
6,9,6,2025,72.06,Travel,9230286752,TXN28866922,Gujarat,780206,Mumbai,56,12,0
2,7,11,2025,491.96,Utilities,9768034233,TXN31807008,Tamil Nadu,198234,Mumbai,28,4,0
3,17,2,2025,1286.68,Utilities,9426126763,TXN37740293,Maharashtra,417942,Bangalore,38,16,0
6,19,7,2025,520.58,Bills,9893874860,TXN40535317,Gujarat,577910,Ahmedabad,59,10,0
14,7,11,2025,142.7,OnlineShopping,9968845915,TXN60281422,Delhi,636069,Chennai,64,6,0
18,3,8,2025,252.45,Bills,9724173395,TXN34416430,Tamil Nadu,142674,Ahmedabad,20,13,0
15,13,3,2025,1683.21,FoodDelivery,9134806093,TXN95000180,Karnataka,368614,Mumbai,58,17,0
0,10,11,2025,711.75,Groceries,9431517912,TXN68570763,Karnataka,519515,Mumbai,63,16,0
3,25,7,2025,3645.51,Travel,9954615466,TXN77529752,Maharashtra,414557,Ahmedabad,60,14,0
18,24,11,2025,1161.85,Groceries,9810572263,TXN83525979,Karnataka,107235,Bangalore,51,16,1
7,6,8,2025,303.09,Utilities,9828014532,TXN23811224,Tamil Nadu,428821,Mumbai,64,18,0
22,13,2,2025,322.76,FoodDelivery,9412394222,TXN21791470,Karnataka,955754,Delhi,52,7,0
13,14,6,2025,1048.19,Groceries,9661427136,TXN24701106,Delhi,930326,Delhi,35,12,0
0,19,11,2025,56.32,Utilities,9356054448,TXN94597796,Maharashtra,105730,Mumbai,52,8,0
12,23,6,2025,48.8,FoodDelivery,9853577967,TXN91260962,Tamil Nadu,895308,Chennai,39,8,0
8,1,6,2025,351.35,OnlineShopping,9962109546,TXN62138902,Gujarat,231562,Mumbai,40,15,0
6,23,11,2025,675.71,Bills,9397012311,TXN74419118,Delhi,510281,Mumbai,37,6,0
20,13,9,2025,1272.66,Bills,9156586535,TXN80256751,Gujarat,703724,Bangalore,40,5,1
16,9,2,2025,271.95,Bills,9810877480,TXN17581002,Karnataka,729756,Ahmedabad,28,14,0
2,23,5,2025,510.4,OnlineShopping,9639799697,TXN92814192,Tamil Nadu,696860,Ahmedabad,52,1,0
12,17,11,2025,709.57,Bills,9645325276,TXN86864536,Delhi,651752,Bangalore,59,19,0
15,12,8,2025,226.8,Bills,9898843224,TXN11286188,Gujarat,900607,Bangalore,60,7,0
9,25,4,2025,692.06,FoodDelivery,9574059132,TXN57628766,Tamil Nadu,997214,Bangalore,62,9,0
16,16,3,2025,652.08,Travel,9995580406,TXN37135236,Tamil Nadu,532206,Mumbai,64,2,0
3,10,10,2025,186.96,Groceries,9657282311,TXN67933890,Karnataka,866941,Ahmedabad,28,3,1
9,13,4,2025,554.61,FoodDelivery,9557720356,TXN97258185,Tamil Nadu,124648,Chennai,24,2,0
22,7,8,2025,1302.71,Travel,9892609942,TXN56984860,Maharashtra,755538,Ahmedabad,48,18,0
22,17,2,2025,2686.73,Bills,9422382694,TXN40147291,Maharashtra,259094,Delhi,52,18,0
19,5,3,2025,406.37,FoodDelivery,9182298322,TXN57809902,Karnataka,593891,Bangalore,61,3,0
16,19,6,2025,820.81,Utilities,9483285714,TXN38862768,Karnataka,838447,Delhi,25,18,0
19,19,10,2025,631.59,Travel,9566854860,TXN67900186,Maharashtra,110785,Chennai,42,6,0
22,6,9,2025,44.22,Utilities,9725884311,TXN63815626,Maharashtra,799774,Delhi,51,3,0
13,19,10,2025,70.41,Utilities,9797132215,TXN82468326,Delhi,867303,Delhi,37,16,0
6,9,1,2025,728.72,Utilities,9109941699,TXN67340290,Gujarat,821511,Delhi,18,16,0
11,23,9,2025,1374.3,Bills,9310065268,TXN57447968,Maharashtra,880862,Chennai,54,9,0
16,3,5,2025,3180.89,OnlineShopping,9999318131,TXN60042301,Delhi,271277,Ahmedabad,48,17,0
19,23,2,2025,419.1,Utilities,9426880753,TXN78490574,Delhi,991150,Mumbai,53,8,0
14,13,9,2025,113.52,Travel,9698091679,TXN56021853,Tamil Nadu,391568,Ahmedabad,18,2,0
11,14,9,2025,150.6,Bills,9918899445,TXN31108188,Gujarat,485944,Delhi,19,17,0
23,20,5,2025,423.07,Utilities,9940579362,TXN96142436,Maharashtra,381209,Bangalore,60,17,0
22,2,4,2025,575.39,Bills,9512532101,TXN18175576,Gujarat,451300,Chennai,33,19,0
7,9,5,2025,1584.84,Bills,9100975112,TXN47587555,Maharashtra,486486,Ahmedabad,55,14,0
6,1,1,2025,978.15,FoodDelivery,9153226755,TXN31826641,Delhi,396618,Delhi,49,1,0
8,23,4,2025,1999.28,Utilities,9331200342,TXN11120113,Maharashtra,497783,Bangalore,30,18,0
16,5,11,2025,900.59,Bills,9647402704,TXN86002382,Maharashtra,395830,Delhi,47,2,0
2,7,8,2025,309.38,Utilities,9239587065,TXN40687424,Tamil Nadu,925837,Bangalore,60,14,0
14,12,10,2025,214.05,OnlineShopping,9178490821,TXN74526295,Delhi,570949,Bangalore,41,15,0
21,25,7,2025,202.8,Utilities,9644889117,TXN14928476,Delhi,209779,Ahmedabad,58,10,0
15,18,7,2025,4064.5,Utilities,9402371213,TXN86310998,Karnataka,428910,Delhi,36,12,0
17,1,4,2025,1599.93,Utilities,9434391204,TXN77115328,Delhi,993824,Delhi,38,16,0
21,8,10,2025,573.59,Groceries,9471175011,TXN20589887,Delhi,292376,Delhi,40,7,0
6,12,2,2025,378.64,FoodDelivery,9119485901,TXN67145933,Delhi,132769,Mumbai,34,5,0
21,9,4,2025,871,Travel,9750677305,TXN61017938,Maharashtra,313893,Ahmedabad,50,13,1
11,27,10,2025,1061.54,FoodDelivery,9869206892,TXN49412278,Delhi,210776,Ahmedabad,19,1,0
5,23,10,2025,1168.71,OnlineShopping,9924702806,TXN45490204,Maharashtra,474368,Bangalore,58,7,0
17,11,7,2025,1373.28,Travel,9373602829,TXN75094835,Maharashtra,397542,Mumbai,51,4,0
16,1,10,2025,2747.21,Bills,9376576050,TXN86429247,Tamil Nadu,595671,Bangalore,49,15,0
16,14,11,2025,1291.31,Bills,9650720126,TXN79205283,Maharashtra,697190,Ahmedabad,32,1,0
4,16,11,2025,72.88,Groceries,9446091948,TXN71161815,Karnataka,786736,Ahmedabad,19,9,0
16,21,2,2025,2701.18,Bills,9300477332,TXN36935185,Gujarat,263991,Mumbai,62,17,0
15,20,5,2025,731.78,Groceries,9624339272,TXN75440781,Karnataka,788284,Chennai,35,15,0
8,13,11,2025,500.45,Travel,9626674166,TXN65654323,Maharashtra,899448,Mumbai,43,14,1
17,21,3,2025,346.66,Bills,9330032146,TXN37726096,Tamil Nadu,934123,Bangalore,20,11,0
2,8,4,2025,1253.43,Utilities,9629184518,TXN67318243,Gujarat,942549,Bangalore,42,10,0
15,26,8,2025,1105.72,FoodDelivery,9611978629,TXN51850767,Tamil Nadu,703471,Bangalore,31,11,0
13,7,1,2025,1104.6,Travel,9660415443,TXN63152706,Tamil Nadu,558819,Ahmedabad,43,11,0
11,17,10,2025,595.64,Travel,9608055117,TXN19332439,Maharashtra,782265,Ahmedabad,45,16,0
1,10,9,2025,354.49,Travel,9801414166,TXN64525264,Tamil Nadu,663329,Chennai,37,14,0
11,8,2,2025,1547.86,Utilities,9415951887,TXN77330285,Gujarat,875359,Chennai,39,18,0
21,21,3,2025,170.29,OnlineShopping,9486565893,TXN93724371,Delhi,475348,Delhi,54,16,0
4,11,3,2025,144.74,Travel,9251817508,TXN54338446,Delhi,950012,Bangalore,43,8,0
10,6,8,2025,2111.53,Travel,9896271138,TXN77087885,Maharashtra,100363,Mumbai,58,10,0
16,3,3,2025,526.65,FoodDelivery,9849857705,TXN52972556,Maharashtra,524041,Ahmedabad,39,4,0
18,2,1,2025,1021.61,Utilities,9924734087,TXN78227708,Delhi,750506,Bangalore,29,9,0
10,21,4,2025,176.07,FoodDelivery,9132121967,TXN55327209,Tamil Nadu,503708,Mumbai,38,12,0
6,20,8,2025,392.6,Groceries,9434509184,TXN35538969,Gujarat,785611,Chennai,27,6,0
17,6,8,2025,313.97,Travel,9177354231,TXN97773012,Karnataka,261149,Bangalore,35,12,0
9,14,9,2025,1171.39,Bills,9429887513,TXN55894422,Maharashtra,990936,Chennai,57,7,0
20,2,2,2025,84.79,Travel,9271465953,TXN59729314,Delhi,123548,Mumbai,63,8,0
11,21,10,2025,414.34,Groceries,9609198529,TXN15688505,Maharashtra,447299,Bangalore,64,13,0
3,10,3,2025,924.59,Utilities,9965280953,TXN43400086,Delhi,873429,Bangalore,29,2,0
7,18,9,2025,634.06,Bills,9299316893,TXN15926069,Gujarat,125938,Ahmedabad,20,8,0
11,2,11,2025,1088.3,Bills,9645401420,TXN82661476,Tamil Nadu,637857,Ahmedabad,24,12,0
7,9,5,2025,616.61,OnlineShopping,9741019209,TXN12080563,Gujarat,383816,Ahmedabad,63,18,0
23,7,8,2025,411.83,OnlineShopping,9318898686,TXN12053262,Tamil Nadu,544244,Bangalore,21,11,0
4,23,5,2025,505.73,Travel,9928195824,TXN78309210,Gujarat,921882,Ahmedabad,21,8,0
20,10,9,2025,7.05,Bills,9386282084,TXN98301823,Karnataka,257403,Bangalore,29,5,1
21,24,3,2025,114.82,Utilities,9902864353,TXN16113100,Maharashtra,445452,Mumbai,31,11,1
3,21,1,2025,193.82,Groceries,9165782983,TXN84796132,Delhi,729112,Ahmedabad,46,19,0
9,12,6,2025,3257.14,Bills,9301831247,TXN43791256,Tamil Nadu,103681,Chennai,54,3,0
20,18,11,2025,2360.4,Groceries,9427364598,TXN36595432,Tamil Nadu,345160,Ahmedabad,32,10,1
19,5,2,2025,514.43,Bills,9607830032,TXN80631674,Delhi,498167,Delhi,63,10,0
16,6,7,2025,434.86,Groceries,9238786874,TXN29248072,Tamil Nadu,380790,Mumbai,41,8,0
14,15,8,2025,297.68,OnlineShopping,9108355425,TXN66201142,Karnataka,532601,Bangalore,64,13,0
3,16,4,2025,1131.52,Groceries,9457440341,TXN95431409,Karnataka,491670,Chennai,29,4,0
22,22,5,2025,51.38,FoodDelivery,9363633423,TXN64182052,Gujarat,552558,Bangalore,54,13,0
12,18,4,2025,282.9,FoodDelivery,9965033515,TXN47501958,Karnataka,827467,Ahmedabad,21,2,0
22,10,10,2025,319.46,Travel,9960008313,TXN30395529,Delhi,396379,Delhi,38,8,0
16,7,5,2025,1161.5,Groceries,9193830920,TXN77896464,Gujarat,791257,Bangalore,48,8,0
18,4,2,2025,8.46,Utilities,9570324215,TXN88617184,Gujarat,103626,Bangalore,53,12,0
5,25,1,2025,1230.4,OnlineShopping,9594220820,TXN43808475,Tamil Nadu,907827,Bangalore,45,5,0
17,15,6,2025,2431.65,OnlineShopping,9765585023,TXN44753961,Gujarat,861058,Bangalore,57,3,0
12,6,7,2025,61.79,FoodDelivery,9473520492,TXN24931127,Delhi,813076,Ahmedabad,40,9,0
1,19,3,2025,910.81,Utilities,9793412542,TXN80635049,Maharashtra,901555,Bangalore,34,15,0
3,19,1,2025,191.77,Bills,9261109364,TXN88783221,Delhi,714342,Bangalore,56,4,0
3,6,9,2025,1535.59,FoodDelivery,9508074435,TXN50782551,Gujarat,872291,Delhi,41,14,0
9,25,3,2025,756.04,Groceries,9537424925,TXN30147914,Delhi,250862,Chennai,26,15,0
2,22,11,2025,334.92,FoodDelivery,9982572947,TXN93922240,Gujarat,176208,Ahmedabad,18,10,0
6,22,2,2025,1490.42,OnlineShopping,9988870619,TXN94531729,Delhi,297286,Bangalore,46,18,0
21,2,7,2025,393.82,FoodDelivery,9992924965,TXN63622714,Karnataka,601754,Bangalore,63,8,1
2,18,5,2025,577.16,Utilities,9725157123,TXN55052863,Karnataka,513083,Chennai,19,11,0
22,16,4,2025,209.42,FoodDelivery,9408174286,TXN58480343,Karnataka,966304,Bangalore,48,12,1
11,18,10,2025,296.24,FoodDelivery,9160481382,TXN30888209,Maharashtra,669929,Chennai,34,4,0
8,19,11,2025,74.2,Bills,9375284677,TXN20276325,Gujarat,440281,Delhi,51,12,0
5,18,5,2025,493.44,OnlineShopping,9906705666,TXN47701845,Maharashtra,636114,Delhi,29,16,0
12,24,2,2025,107.41,Groceries,9190805299,TXN54359378,Gujarat,847465,Bangalore,44,13,0
23,6,4,2025,1642,OnlineShopping,9315339266,TXN39616451,Karnataka,358916,Delhi,48,12,0
12,4,11,2025,827.35,FoodDelivery,9369870823,TXN68643696,Delhi,675312,Bangalore,19,13,0
19,11,11,2025,1162.79,OnlineShopping,9364686006,TXN89291202,Delhi,848987,Mumbai,29,5,0
6,13,9,2025,88.22,Travel,9571080203,TXN10984588,Maharashtra,581632,Bangalore,57,16,0
2,3,8,2025,324.9,OnlineShopping,9697003078,TXN86908660,Maharashtra,661001,Chennai,51,3,0
10,13,7,2025,281.29,Utilities,9880668712,TXN27750431,Tamil Nadu,340056,Mumbai,33,12,0
16,13,11,2025,142.87,OnlineShopping,9620147693,TXN98261797,Maharashtra,464543,Chennai,42,15,0
7,5,1,2025,831.69,Utilities,9343840625,TXN17760004,Maharashtra,301893,Ahmedabad,54,19,0
9,15,10,2025,452.52,FoodDelivery,9293323089,TXN16774870,Karnataka,913071,Delhi,51,2,0
8,16,11,2025,1932.29,FoodDelivery,9606804404,TXN27550054,Gujarat,577843,Ahmedabad,44,13,0
6,10,5,2025,114.67,Travel,9928854742,TXN47118939,Maharashtra,136404,Mumbai,48,19,0
21,26,3,2025,459.24,Utilities,9158203138,TXN43698807,Gujarat,135187,Delhi,50,6,0
0,21,7,2025,2933.36,Utilities,9192966977,TXN21926106,Tamil Nadu,366186,Mumbai,18,3,0
6,1,9,2025,1114.8,FoodDelivery,9271575234,TXN89643698,Maharashtra,227101,Chennai,27,5,0
1,6,10,2025,257.45,FoodDelivery,9208741109,TXN25269936,Karnataka,477218,Mumbai,22,14,0
20,13,10,2025,1005.12,FoodDelivery,9345218329,TXN23608519,Gujarat,130461,Delhi,33,1,0
2,20,8,2025,3262.68,OnlineShopping,9430580116,TXN72341557,Delhi,373497,Mumbai,55,14,1
7,8,1,2025,639.82,Utilities,9537565972,TXN28292935,Delhi,916117,Ahmedabad,37,8,0
17,25,9,2025,76.64,Bills,9113395337,TXN95620508,Tamil Nadu,815637,Ahmedabad,39,7,0
7,16,6,2025,40.2,Utilities,9971248030,TXN40046221,Gujarat,438144,Bangalore,26,13,0
18,17,11,2025,1458.1,Travel,9852610692,TXN87797929,Maharashtra,899395,Bangalore,44,14,0
8,21,11,2025,2631.71,Bills,9155127465,TXN61111605,Gujarat,558818,Ahmedabad,23,2,0
17,23,2,2025,46.28,Travel,9533159270,TXN65005719,Tamil Nadu,385248,Bangalore,34,1,0
12,9,3,2025,996.45,OnlineShopping,9620663999,TXN82279852,Maharashtra,856556,Bangalore,41,10,0
3,16,8,2025,126.84,Groceries,9114514418,TXN70684213,Karnataka,923265,Delhi,18,15,0
3,11,5,2025,415.99,Bills,9109978954,TXN57240145,Maharashtra,699142,Bangalore,59,18,0
6,3,7,2025,1687.9,Groceries,9544421988,TXN52090671,Maharashtra,113288,Chennai,37,18,0
12,1,8,2025,58.95,Utilities,9499506741,TXN91037304,Karnataka,683247,Mumbai,36,1,0
18,22,8,2025,824.98,FoodDelivery,9486627940,TXN26578740,Tamil Nadu,531779,Chennai,53,18,0
8,18,6,2025,208.46,FoodDelivery,9884566655,TXN26037478,Gujarat,907733,Mumbai,38,17,0
18,9,1,2025,142.93,FoodDelivery,9129380783,TXN87496557,Delhi,550400,Delhi,56,15,0
1,19,9,2025,1213.85,Travel,9388222801,TXN43644175,Tamil Nadu,186155,Ahmedabad,24,14,0
2,5,1,2025,82.82,Bills,9918179242,TXN89591248,Gujarat,419849,Bangalore,50,4,0
8,25,2,2025,1021.39,Utilities,9277652393,TXN11380188,Tamil Nadu,290545,Mumbai,61,7,0
13,3,3,2025,1623.32,Bills,9561496639,TXN74194661,Gujarat,129545,Mumbai,37,16,1
5,13,4,2025,427.15,Groceries,9812167204,TXN22350251,Maharashtra,909195,Ahmedabad,22,13,1
0,3,2,2025,253.65,OnlineShopping,9975123161,TXN24240440,Gujarat,177597,Bangalore,43,2,1
13,4,9,2025,987.45,FoodDelivery,9691563426,TXN45858742,Karnataka,101468,Bangalore,61,12,0
17,13,5,2025,472.31,FoodDelivery,9577349193,TXN66361727,Delhi,667256,Mumbai,54,7,0
21,23,3,2025,4463.38,Bills,9679518776,TXN25276157,Gujarat,285541,Delhi,59,12,0
1,11,7,2025,1928.28,Bills,9719815508,TXN17604323,Tamil Nadu,400589,Chennai,39,18,0
7,2,9,2025,2556.99,OnlineShopping,9536288787,TXN96069528,Delhi,252324,Delhi,32,8,0
7,26,11,2025,486.16,Bills,9132053929,TXN12337180,Tamil Nadu,317256,Bangalore,36,5,0
14,16,7,2025,386.18,FoodDelivery,9536884551,TXN87182596,Maharashtra,532859,Ahmedabad,22,17,0
21,15,1,2025,623.38,Groceries,9963907857,TXN81968497,Gujarat,502205,Mumbai,33,13,1
15,1,1,2025,667.5,Groceries,9610925445,TXN94044333,Maharashtra,969029,Mumbai,41,18,0
7,10,1,2025,498.8,Travel,9101461433,TXN46902981,Maharashtra,513606,Chennai,52,14,0
22,16,7,2025,129.48,Groceries,9628083596,TXN50261864,Maharashtra,756884,Delhi,26,15,0
12,2,3,2025,2157.71,OnlineShopping,9174183397,TXN40296194,Maharashtra,962839,Delhi,23,16,0
18,3,2,2025,2701.28,FoodDelivery,9735785348,TXN45160184,Tamil Nadu,907040,Delhi,45,18,0
8,2,5,2025,228.32,OnlineShopping,9243058325,TXN69539811,Delhi,765078,Mumbai,63,3,0
14,10,9,2025,15.88,Bills,9545116336,TXN74018079,Delhi,649633,Mumbai,55,19,0
2,26,9,2025,25.62,Travel,9626335298,TXN44725365,Maharashtra,521777,Bangalore,55,1,0
9,27,6,2025,587.56,FoodDelivery,9446474011,TXN79141520,Delhi,162119,Mumbai,20,12,0
1,24,6,2025,2758.85,Travel,9268149384,TXN24500948,Delhi,236260,Delhi,44,17,0
0,7,5,2025,3253.08,FoodDelivery,9291504414,TXN21296266,Karnataka,523041,Bangalore,44,3,0
4,21,10,2025,10.7,Travel,9757949012,TXN34247612,Tamil Nadu,568977,Bangalore,19,6,0
2,1,1,2025,151.37,Travel,9585830539,TXN70251695,Karnataka,317912,Delhi,52,12,0
1,22,7,2025,233.57,Utilities,9391293570,TXN53797300,Tamil Nadu,789566,Ahmedabad,41,8,0
7,24,2,2025,885.15,Bills,9145849459,TXN60397515,Gujarat,157196,Mumbai,56,14,1
23,16,9,2025,85.97,Bills,9628873036,TXN62902394,Maharashtra,305603,Bangalore,22,16,0
23,18,1,2025,389.04,FoodDelivery,9501902681,TXN66947140,Tamil Nadu,418774,Delhi,43,18,0
20,14,1,2025,65.78,Travel,9899564176,TXN34886550,Karnataka,782986,Bangalore,31,19,0
23,13,2,2025,539.17,Utilities,9338082848,TXN93500774,Maharashtra,150248,Bangalore,49,17,1
5,3,8,2025,533.18,FoodDelivery,9346707096,TXN66139459,Maharashtra,424809,Ahmedabad,28,16,0
16,16,7,2025,312.24,Bills,9273352975,TXN97885223,Tamil Nadu,758210,Bangalore,38,18,0
15,17,9,2025,550.55,OnlineShopping,9140888723,TXN62657816,Maharashtra,986408,Chennai,55,3,0
6,1,7,2025,663.61,Utilities,9817589292,TXN99877422,Gujarat,115385,Bangalore,31,7,0
23,27,10,2025,249.06,Utilities,9451922943,TXN46422127,Gujarat,204126,Delhi,42,18,0
4,26,9,2025,860.47,FoodDelivery,9838989929,TXN99222610,Gujarat,152066,Delhi,28,17,0
3,23,3,2025,131.21,OnlineShopping,9641042276,TXN66748708,Gujarat,576785,Delhi,43,12,0
14,20,4,2025,961.54,Utilities,9690139158,TXN34543290,Maharashtra,668178,Delhi,45,2,0
10,5,2,2025,147.25,Bills,9217985165,TXN89992949,Maharashtra,493186,Bangalore,52,11,0
11,3,5,2025,1032.17,FoodDelivery,9872972618,TXN15243174,Karnataka,911028,Mumbai,60,15,0
21,21,4,2025,286.68,Bills,9625304972,TXN69040836,Tamil Nadu,749179,Bangalore,52,5,0
17,1,8,2025,786.46,Groceries,9471255850,TXN24130270,Maharashtra,363685,Delhi,29,4,0
1,2,7,2025,567.02,Utilities,9699216781,TXN77413407,Delhi,652197,Delhi,35,5,0
5,2,8,2025,2217.83,OnlineShopping,9695594453,TXN79766167,Karnataka,755915,Chennai,60,8,0
22,21,2,2025,590.03,Bills,9488346530,TXN84213491,Gujarat,752329,Chennai,35,14,0
23,8,10,2025,1756.8,Travel,9748412615,TXN39892058,Tamil Nadu,679844,Bangalore,51,8,0
14,26,9,2025,1213.39,FoodDelivery,9354990246,TXN28397030,Tamil Nadu,554142,Ahmedabad,55,4,0
11,16,9,2025,691.27,FoodDelivery,9117007812,TXN14993899,Maharashtra,767897,Chennai,36,16,0
7,3,7,2025,1795.25,Travel,9507374189,TXN19970977,Maharashtra,989234,Mumbai,26,16,0
8,16,10,2025,8.49,Utilities,9469950315,TXN82469542,Delhi,163079,Mumbai,21,19,0
20,27,1,2025,1715.26,OnlineShopping,9536098845,TXN94546581,Delhi,728580,Bangalore,35,11,1
11,22,6,2025,81.96,FoodDelivery,9693669340,TXN24516602,Maharashtra,743784,Mumbai,46,1,0
11,23,8,2025,236.21,FoodDelivery,9558671968,TXN34566789,Tamil Nadu,908062,Ahmedabad,36,1,0
0,8,5,2025,86.51,Groceries,9465689129,TXN73200865,Karnataka,991255,Delhi,24,15,0
19,18,9,2025,278.28,Utilities,9457588918,TXN72950317,Maharashtra,682933,Delhi,25,7,0
16,14,6,2025,667.04,Travel,9641983962,TXN68040667,Maharashtra,390655,Chennai,34,1,0
19,22,9,2025,335.07,Groceries,9366065100,TXN73078804,Maharashtra,164340,Ahmedabad,27,6,0
12,1,4,2025,356.31,Utilities,9926074503,TXN35079305,Karnataka,362512,Bangalore,20,11,0
16,17,9,2025,1010.36,Utilities,9174125475,TXN47391910,Gujarat,978809,Bangalore,21,12,0
12,20,6,2025,1392.17,FoodDelivery,9423190579,TXN55462607,Gujarat,207338,Bangalore,46,7,0
22,7,10,2025,473.6,Bills,9274172391,TXN85260360,Karnataka,964609,Ahmedabad,30,4,0
11,17,2,2025,507.61,Travel,9129696625,TXN94373787,Tamil Nadu,448058,Bangalore,37,10,0
8,23,8,2025,745.91,Utilities,9999144538,TXN45079500,Gujarat,766220,Ahmedabad,60,5,0
10,25,3,2025,226.59,Utilities,9135886559,TXN79183142,Gujarat,889622,Mumbai,39,8,0
0,14,1,2025,3737.28,Utilities,9525389722,TXN83145071,Tamil Nadu,171017,Ahmedabad,46,18,0
16,16,3,2025,591.7,Utilities,9803227429,TXN61920052,Gujarat,170248,Chennai,43,12,0
22,17,9,2025,298.02,FoodDelivery,9207066975,TXN49368536,Maharashtra,661669,Mumbai,61,11,0
1,6,8,2025,458.26,Utilities,9948535761,TXN62596367,Karnataka,158453,Delhi,27,12,0
5,27,4,2025,643.63,Groceries,9977989177,TXN14886202,Gujarat,861269,Delhi,37,19,0
4,18,2,2025,2774.25,Groceries,9373166110,TXN39697658,Tamil Nadu,236225,Mumbai,24,17,0
22,14,8,2025,169.8,Groceries,9768788354,TXN60015226,Tamil Nadu,617537,Bangalore,61,12,0
9,3,4,2025,969.4,Travel,9263728491,TXN65228634,Delhi,816605,Delhi,53,10,0
5,27,9,2025,1001.29,Bills,9116184291,TXN83580900,Karnataka,619911,Chennai,38,8,0
17,21,3,2025,416.45,Utilities,9582693903,TXN89477999,Maharashtra,375375,Delhi,56,17,0
12,10,7,2025,423.21,Groceries,9695603504,TXN36635028,Gujarat,961811,Bangalore,24,10,0
6,1,7,2025,514.65,OnlineShopping,9254471752,TXN19232418,Tamil Nadu,299899,Bangalore,30,19,0
6,24,1,2025,1494.1,OnlineShopping,9136417182,TXN56922716,Gujarat,812222,Mumbai,56,15,0
1,7,4,2025,190.4,Bills,9902760719,TXN95501350,Gujarat,254404,Bangalore,38,12,0
6,6,8,2025,1474.18,Bills,9751251197,TXN95654487,Gujarat,592134,Delhi,23,11,0
6,2,3,2025,781.28,Utilities,9336080752,TXN89881819,Karnataka,867128,Bangalore,18,19,0
9,11,1,2025,305.35,Travel,9467882579,TXN67352128,Tamil Nadu,787810,Mumbai,58,14,0
16,23,4,2025,2483.99,Travel,9502217616,TXN57350357,Gujarat,288929,Ahmedabad,21,4,0
20,13,6,2025,390.81,Groceries,9366764214,TXN89519398,Tamil Nadu,978752,Chennai,34,14,0
15,24,4,2025,377.58,OnlineShopping,9665685720,TXN35176338,Karnataka,107233,Chennai,27,18,0
16,27,1,2025,270.6,Travel,9274004634,TXN63686648,Delhi,227602,Bangalore,47,3,0
13,12,11,2025,697.03,Groceries,9317714004,TXN21354168,Tamil Nadu,612447,Delhi,51,10,0
5,4,8,2025,1218.36,OnlineShopping,9160540089,TXN60227448,Gujarat,993061,Bangalore,23,18,0
23,25,10,2025,179.39,Utilities,9771588604,TXN80106357,Delhi,338697,Bangalore,63,4,0
5,11,10,2025,1087.86,OnlineShopping,9391149091,TXN67542195,Karnataka,547628,Mumbai,58,9,1
22,9,10,2025,477.98,Utilities,9289556482,TXN45353386,Delhi,805591,Delhi,32,13,0
9,6,9,2025,1567.09,Bills,9907547473,TXN44874739,Karnataka,567543,Mumbai,57,2,0
6,6,10,2025,1045.74,Groceries,9410456609,TXN75501559,Karnataka,135282,Mumbai,38,4,0
21,20,2,2025,1258.84,Utilities,9510714976,TXN54641994,Tamil Nadu,605694,Ahmedabad,33,13,0
1,16,6,2025,852.38,Groceries,9110074698,TXN98703922,Delhi,282058,Ahmedabad,54,17,0
6,10,11,2025,186.34,Bills,9272362938,TXN48703819,Maharashtra,902207,Mumbai,49,19,0
9,2,1,2025,677.44,FoodDelivery,9326635144,TXN10671253,Maharashtra,902925,Bangalore,18,9,0
18,4,8,2025,331.49,Groceries,9910321919,TXN58294603,Maharashtra,509898,Bangalore,23,19,0
14,7,5,2025,715.82,OnlineShopping,9424386340,TXN69507174,Delhi,650901,Ahmedabad,34,8,0
0,2,4,2025,3.29,OnlineShopping,9887933688,TXN54607689,Tamil Nadu,718532,Chennai,30,13,0
23,2,1,2025,1155.99,Groceries,9401451803,TXN71398562,Karnataka,933510,Ahmedabad,27,1,0
8,15,3,2025,419.26,Groceries,9590415609,TXN88678335,Karnataka,914294,Chennai,42,9,0
1,9,1,2025,729.42,FoodDelivery,9804647749,TXN18593188,Maharashtra,595784,Ahmedabad,31,4,0
14,8,10,2025,270.89,Travel,9615503131,TXN57698365,Tamil Nadu,717423,Delhi,57,6,0
17,10,10,2025,119.06,Groceries,9324719124,TXN23458496,Tamil Nadu,646707,Mumbai,40,9,1
13,16,1,2025,639.78,Travel,9456295945,TXN64980940,Karnataka,637732,Bangalore,45,16,0
16,17,2,2025,47.04,OnlineShopping,9649170971,TXN12746153,Delhi,155612,Delhi,48,17,0
9,8,5,2025,665.64,Bills,9203058116,TXN35828037,Karnataka,194154,Chennai,26,2,0
3,4,6,2025,2195.97,OnlineShopping,9355239125,TXN67875670,Tamil Nadu,357481,Mumbai,60,10,1
5,18,2,2025,49.44,Bills,9634440847,TXN95225163,Karnataka,657639,Mumbai,30,15,0
7,10,5,2025,136.18,Utilities,9611622522,TXN70974218,Gujarat,190410,Chennai,37,18,0
9,2,10,2025,577.98,Utilities,9931607922,TXN53099689,Tamil Nadu,894044,Ahmedabad,23,14,0
14,16,7,2025,1912.35,Travel,9539981234,TXN93327728,Gujarat,224746,Bangalore,57,11,0
23,22,9,2025,2531.64,Bills,9238986152,TXN66401891,Gujarat,145784,Mumbai,19,16,0
12,3,9,2025,69.24,Travel,9470690463,TXN79167585,Delhi,563144,Mumbai,55,8,0
4,9,1,2025,184.42,FoodDelivery,9548631165,TXN34463497,Delhi,692141,Chennai,62,17,0
1,11,9,2025,1848.17,Bills,9464640275,TXN46796654,Maharashtra,116304,Mumbai,57,10,0
17,25,3,2025,1566.3,OnlineShopping,9153731266,TXN75586411,Karnataka,776067,Bangalore,31,19,0
20,12,5,2025,47.98,FoodDelivery,9737609012,TXN55600430,Delhi,862803,Chennai,44,12,0
14,12,11,2025,188.86,FoodDelivery,9649100027,TXN88076554,Gujarat,843804,Bangalore,21,12,0
15,26,6,2025,849.23,FoodDelivery,9782576697,TXN26125202,Delhi,680464,Ahmedabad,30,2,0
21,13,10,2025,719.12,Utilities,9843064444,TXN30239727,Tamil Nadu,631598,Bangalore,34,13,0
14,16,2,2025,222.66,OnlineShopping,9945129991,TXN40479362,Gujarat,367531,Chennai,33,14,0
20,17,11,2025,568.95,Utilities,9743040544,TXN10935709,Delhi,187566,Mumbai,45,14,1
12,15,7,2025,95.37,Bills,9536740653,TXN72552127,Karnataka,248395,Delhi,46,19,0
19,1,8,2025,347.95,Groceries,9497432673,TXN26431928,Gujarat,119510,Ahmedabad,42,8,0
15,13,4,2025,1296.41,Groceries,9932693378,TXN99674853,Tamil Nadu,732529,Bangalore,35,3,0
6,15,1,2025,31.66,OnlineShopping,9709876938,TXN90512624,Gujarat,816358,Delhi,46,15,0
4,23,4,2025,228.79,Groceries,9340113785,TXN55158440,Maharashtra,594209,Delhi,38,16,0
18,20,1,2025,640.03,Groceries,9356552337,TXN74433202,Karnataka,166188,Ahmedabad,32,11,0
3,1,8,2025,132.12,Groceries,9247267081,TXN50371555,Tamil Nadu,732829,Bangalore,62,12,0
17,12,5,2025,1590.01,Groceries,9245907979,TXN95071640,Delhi,318431,Bangalore,42,3,0
16,14,1,2025,116.48,OnlineShopping,9650840135,TXN82708932,Gujarat,911624,Delhi,36,9,0
17,16,1,2025,485.76,Utilities,9742580736,TXN29646137,Karnataka,937007,Mumbai,64,12,0
23,15,7,2025,329.77,Bills,9765044250,TXN88358601,Delhi,163190,Bangalore,25,4,1
20,10,1,2025,48.03,Groceries,9343564400,TXN46907353,Karnataka,787318,Chennai,32,13,0
18,24,8,2025,594.13,Utilities,9357041422,TXN38887817,Karnataka,999482,Chennai,26,1,0
11,10,5,2025,1444.22,Bills,9762412718,TXN86807461,Karnataka,668423,Chennai,31,12,1
21,20,7,2025,22.88,Bills,9220462857,TXN37856367,Gujarat,710598,Chennai,47,5,1
17,11,5,2025,582.39,FoodDelivery,9333536323,TXN71818606,Karnataka,341382,Mumbai,45,13,0
11,22,8,2025,701.51,Bills,9167226272,TXN44190863,Karnataka,899288,Mumbai,60,18,0
7,6,7,2025,1155.01,Utilities,9820517866,TXN52729836,Karnataka,564710,Bangalore,30,3,0
20,20,2,2025,2169.56,OnlineShopping,9641587214,TXN26379767,Gujarat,690176,Chennai,36,1,0
20,22,2,2025,252.15,Utilities,9136625042,TXN88700650,Tamil Nadu,618728,Ahmedabad,37,2,0
17,23,3,2025,993.4,OnlineShopping,9633400884,TXN78710071,Delhi,105829,Chennai,41,13,0
18,19,5,2025,1108.16,OnlineShopping,9533566999,TXN41382041,Gujarat,160653,Mumbai,61,4,0
16,4,11,2025,1180.01,Bills,9839693534,TXN21237698,Maharashtra,278168,Bangalore,23,8,0
17,22,1,2025,155.27,OnlineShopping,9279359222,TXN65989955,Karnataka,934212,Delhi,32,8,0
18,24,10,2025,1663.47,Utilities,9583652941,TXN47938864,Karnataka,682994,Ahmedabad,48,7,0
19,26,7,2025,487.51,Groceries,9624678166,TXN83915951,Gujarat,444359,Bangalore,53,11,0
16,20,7,2025,1946.65,Groceries,9910394636,TXN38197770,Tamil Nadu,231436,Mumbai,39,9,0
16,14,8,2025,440.43,Groceries,9926324828,TXN72893670,Tamil Nadu,185001,Bangalore,48,3,0
13,26,9,2025,455.4,Utilities,9768220223,TXN36352995,Maharashtra,521655,Delhi,54,6,0
6,15,10,2025,148.22,FoodDelivery,9544081308,TXN21689720,Karnataka,967050,Mumbai,63,11,0
16,4,8,2025,35.9,Travel,9935285132,TXN28980104,Delhi,512106,Bangalore,23,13,0
21,5,11,2025,390.52,Utilities,9940262271,TXN58297390,Maharashtra,767972,Mumbai,53,2,0
9,16,10,2025,1663.61,Utilities,9879898772,TXN13463227,Gujarat,460704,Bangalore,64,1,0
12,27,1,2025,599.77,Groceries,9117480861,TXN65243320,Karnataka,891599,Bangalore,64,1,0
23,6,9,2025,53.13,Groceries,9790258591,TXN50868585,Delhi,413392,Delhi,60,18,0
23,17,4,2025,374.14,Groceries,9274314315,TXN50719803,Tamil Nadu,481361,Delhi,60,18,0
17,5,10,2025,598.24,OnlineShopping,9583541238,TXN33186579,Gujarat,688879,Mumbai,18,9,0
16,25,3,2025,172.33,Bills,9794028348,TXN93325625,Delhi,962219,Bangalore,62,3,0
13,21,10,2025,1224.44,FoodDelivery,9179457242,TXN42447283,Karnataka,828734,Delhi,37,4,0
22,17,11,2025,249.33,Groceries,9613541605,TXN18740245,Gujarat,527562,Delhi,44,5,0
2,4,5,2025,147.56,FoodDelivery,9867889554,TXN79488761,Karnataka,812345,Mumbai,45,1,0
10,5,2,2025,523.35,Utilities,9762058580,TXN61082888,Gujarat,190570,Ahmedabad,33,16,0
9,12,8,2025,83.84,Bills,9307609036,TXN65945552,Delhi,948883,Ahmedabad,36,7,0
12,22,8,2025,1203.86,Travel,9362638166,TXN84158849,Maharashtra,266129,Delhi,48,1,0
10,1,7,2025,839.55,Travel,9886707119,TXN32884398,Tamil Nadu,781908,Delhi,33,19,0
5,11,1,2025,286.93,Groceries,9918686558,TXN52553366,Gujarat,601994,Chennai,53,3,1
22,25,1,2025,75.03,FoodDelivery,9944771638,TXN61724844,Tamil Nadu,192416,Ahmedabad,36,18,0
2,17,10,2025,766.22,Travel,9907521347,TXN76041337,Tamil Nadu,114260,Chennai,21,15,0
2,10,10,2025,876.78,Bills,9887719999,TXN35543156,Maharashtra,817278,Delhi,61,1,0
4,19,9,2025,262.36,Travel,9795018460,TXN71258617,Maharashtra,923683,Bangalore,31,18,0
21,16,3,2025,1478.01,Groceries,9125860758,TXN61372483,Gujarat,435076,Delhi,48,9,0
5,24,11,2025,1640.43,FoodDelivery,9764456640,TXN37733052,Delhi,972109,Bangalore,39,14,0
13,12,1,2025,387,Groceries,9462620299,TXN98073522,Karnataka,767296,Ahmedabad,22,6,0
15,14,1,2025,550,Bills,9702005975,TXN64827081,Karnataka,940268,Delhi,51,17,0
22,13,1,2025,1681.11,Travel,9992623991,TXN33740482,Gujarat,550491,Ahmedabad,40,18,0
20,7,1,2025,1519.39,FoodDelivery,9970473340,TXN63701063,Tamil Nadu,112419,Mumbai,22,1,0
5,2,10,2025,2340.65,FoodDelivery,9115528998,TXN72028341,Maharashtra,953152,Bangalore,25,16,1
22,24,10,2025,752.2,Utilities,9476750878,TXN27155571,Maharashtra,947883,Bangalore,59,9,0
18,26,9,2025,857.86,Bills,9550308941,TXN44915196,Delhi,125825,Bangalore,41,9,0
6,16,5,2025,101.6,Utilities,9100850122,TXN90138656,Gujarat,913439,Chennai,25,10,0
0,2,3,2025,715.07,Bills,9816528105,TXN76292037,Karnataka,726776,Chennai,47,3,0
17,26,8,2025,867.7,Groceries,9660874206,TXN32473124,Gujarat,559384,Bangalore,44,13,0
23,14,3,2025,797.24,Groceries,9283272478,TXN11310646,Gujarat,342955,Delhi,41,8,0
5,22,2,2025,366.04,FoodDelivery,9625345975,TXN92543136,Maharashtra,906479,Chennai,44,11,1
19,1,3,2025,401.15,Groceries,9855881992,TXN87993754,Karnataka,448152,Ahmedabad,25,16,0
0,1,6,2025,2305.86,Travel,9530235215,TXN94877073,Karnataka,639473,Bangalore,36,8,0
4,23,8,2025,154.91,Bills,9444578932,TXN10187486,Karnataka,680206,Mumbai,56,16,0
14,6,9,2025,189.8,OnlineShopping,9296807092,TXN66733039,Karnataka,217919,Delhi,33,16,0
4,27,9,2025,168.07,Travel,9496292363,TXN14233384,Delhi,929154,Bangalore,39,18,0
8,9,2,2025,1851.54,OnlineShopping,9275885484,TXN50682512,Maharashtra,693453,Delhi,22,14,0
6,18,7,2025,651.36,Bills,9959097560,TXN34049484,Karnataka,384257,Ahmedabad,39,17,0
3,17,9,2025,925.27,Bills,9733305844,TXN76441338,Delhi,364012,Delhi,18,17,0
20,13,9,2025,822.4,Travel,9310507844,TXN11539152,Karnataka,439205,Bangalore,36,16,0
9,16,5,2025,335.25,Travel,9849948191,TXN51920558,Delhi,100209,Chennai,43,10,0
4,13,1,2025,43.93,OnlineShopping,9840651586,TXN83583331,Delhi,551598,Delhi,46,7,0
10,17,6,2025,1015.49,Travel,9410772041,TXN94186843,Karnataka,803454,Delhi,20,4,0
0,9,11,2025,428.14,Bills,9733774799,TXN10986275,Karnataka,782067,Ahmedabad,50,5,0
22,14,8,2025,40.33,FoodDelivery,9487475794,TXN38026421,Tamil Nadu,216189,Delhi,48,9,0
13,23,6,2025,697.56,Travel,9720965142,TXN29350554,Maharashtra,319073,Ahmedabad,30,19,0
18,1,8,2025,92.9,Travel,9865946305,TXN73224359,Delhi,168304,Delhi,60,8,0
10,8,9,2025,1329.18,Utilities,9374306804,TXN45933652,Maharashtra,769242,Delhi,45,8,0
15,12,5,2025,114.61,OnlineShopping,9647125681,TXN34397736,Maharashtra,661944,Chennai,61,2,1
3,25,9,2025,1351.45,FoodDelivery,9183312421,TXN20877097,Gujarat,126797,Bangalore,35,6,0
15,15,8,2025,688.63,OnlineShopping,9601185532,TXN23628984,Karnataka,108625,Delhi,30,15,0
21,22,1,2025,283.68,Travel,9461702137,TXN57486626,Maharashtra,908036,Delhi,62,13,1
5,8,4,2025,1690.92,FoodDelivery,9258122414,TXN41138855,Delhi,681933,Ahmedabad,38,1,0
0,4,10,2025,845.05,FoodDelivery,9973652200,TXN13078882,Tamil Nadu,468709,Bangalore,61,1,0
23,5,9,2025,888.24,FoodDelivery,9663628356,TXN66870756,Tamil Nadu,351227,Mumbai,61,3,0
6,17,3,2025,87.31,Groceries,9999805400,TXN57967799,Gujarat,425499,Mumbai,50,7,1
10,18,1,2025,622.94,Bills,9343663413,TXN70726516,Delhi,273917,Chennai,52,11,0
3,25,4,2025,426.82,FoodDelivery,9253614837,TXN16702245,Gujarat,457054,Bangalore,20,5,1
16,14,9,2025,672.05,Bills,9388796322,TXN38964394,Maharashtra,366167,Ahmedabad,33,18,0
3,9,10,2025,957.84,FoodDelivery,9296506919,TXN62829650,Delhi,919433,Ahmedabad,57,9,0
22,26,10,2025,7.39,FoodDelivery,9754015160,TXN26644741,Tamil Nadu,100799,Chennai,27,18,0
8,7,2,2025,1462.11,OnlineShopping,9916816168,TXN79897511,Delhi,186928,Mumbai,32,14,0
15,20,6,2025,833.53,FoodDelivery,9812919941,TXN94741514,Maharashtra,365232,Chennai,52,13,0
15,15,11,2025,2319.86,Travel,9744911983,TXN47425981,Karnataka,753288,Delhi,52,13,0
6,6,9,2025,407.47,Travel,9679505971,TXN17355554,Maharashtra,491776,Delhi,36,13,0
0,19,8,2025,276.59,FoodDelivery,9339123919,TXN34269034,Delhi,702306,Bangalore,24,1,0
8,26,7,2025,512.18,Travel,9791320563,TXN71536101,Karnataka,998886,Chennai,48,19,0
2,1,2,2025,1593.09,Groceries,9507822803,TXN49949453,Tamil Nadu,991588,Ahmedabad,32,6,0
18,13,6,2025,1757.45,Bills,9734891957,TXN42943536,Karnataka,362640,Chennai,62,12,0
22,19,2,2025,2399.97,Bills,9542441166,TXN34899950,Delhi,261637,Mumbai,48,7,0
6,4,8,2025,110.47,FoodDelivery,9735217535,TXN29568220,Tamil Nadu,997156,Ahmedabad,47,19,0
18,21,3,2025,1890.29,OnlineShopping,9808058886,TXN45504688,Karnataka,806376,Ahmedabad,58,10,0
21,5,3,2025,932.55,FoodDelivery,9237446793,TXN55402380,Gujarat,687426,Ahmedabad,25,9,0
20,12,11,2025,302.48,Groceries,9199469793,TXN20293122,Delhi,127843,Bangalore,37,18,0
16,26,8,2025,672.34,FoodDelivery,9128082991,TXN46843795,Gujarat,360609,Delhi,19,14,0
12,4,3,2025,590.73,Bills,9328764549,TXN90856713,Tamil Nadu,307892,Mumbai,27,3,0
9,9,4,2025,1093.65,Bills,9427351140,TXN55837139,Gujarat,917276,Delhi,61,18,0
20,14,3,2025,253.28,Utilities,9514332425,TXN19571226,Tamil Nadu,195494,Bangalore,18,18,0
18,1,5,2025,983.49,OnlineShopping,9616240839,TXN68637178,Karnataka,116978,Bangalore,49,12,0
0,19,6,2025,161.89,Travel,9434024789,TXN98384987,Tamil Nadu,265043,Chennai,64,5,0
1,27,7,2025,324.41,Groceries,9999030355,TXN45066617,Maharashtra,168682,Mumbai,50,2,0
22,9,6,2025,648.03,FoodDelivery,9465908814,TXN16985481,Maharashtra,214360,Delhi,34,9,0
8,16,4,2025,864.76,Groceries,9811995254,TXN56937182,Maharashtra,989589,Ahmedabad,33,6,0
23,3,4,2025,421.06,FoodDelivery,9919286269,TXN94663230,Karnataka,125395,Delhi,43,12,0
7,11,4,2025,1932.09,Bills,9952735090,TXN52836195,Maharashtra,932345,Ahmedabad,31,16,0
9,17,6,2025,321.6,Bills,9369555272,TXN71448594,Karnataka,925455,Mumbai,40,11,1
3,25,11,2025,2169.83,Travel,9238827363,TXN73819058,Maharashtra,321576,Chennai,19,6,1
4,20,6,2025,52.52,FoodDelivery,9597039612,TXN24823516,Delhi,261929,Mumbai,59,19,0
16,5,10,2025,97.23,OnlineShopping,9834737847,TXN10029882,Karnataka,733018,Delhi,21,8,0
23,19,4,2025,553.8,Bills,9679643299,TXN15132869,Delhi,789517,Delhi,36,2,0
16,9,1,2025,377.68,Utilities,9324492214,TXN71930813,Delhi,634876,Delhi,18,4,0
7,19,7,2025,861.52,Groceries,9263862149,TXN68585728,Karnataka,297170,Delhi,38,15,0
10,19,5,2025,332.95,FoodDelivery,9741101216,TXN83933328,Gujarat,536156,Mumbai,27,6,0
4,18,10,2025,379.59,Travel,9270006428,TXN16442399,Delhi,645669,Delhi,52,1,1
12,10,5,2025,1179.36,Groceries,9645605055,TXN50125952,Karnataka,888326,Mumbai,37,7,0
4,12,1,2025,365.83,Bills,9369853807,TXN14917970,Maharashtra,694670,Chennai,38,10,1
21,2,7,2025,229.3,Groceries,9822673113,TXN96188770,Karnataka,822153,Delhi,32,6,0
23,21,7,2025,1275.43,Travel,9576891391,TXN23603581,Gujarat,536282,Ahmedabad,21,18,0
17,18,8,2025,19.78,Travel,9973002301,TXN97833141,Gujarat,317986,Ahmedabad,54,5,0
2,20,7,2025,2035.29,FoodDelivery,9145827857,TXN81891833,Tamil Nadu,678979,Bangalore,43,16,0
7,7,9,2025,317.59,Travel,9467647287,TXN41227450,Maharashtra,694571,Chennai,36,10,0
19,5,9,2025,952.66,Utilities,9381267833,TXN71041997,Delhi,382566,Ahmedabad,27,9,0
9,19,8,2025,439.16,Groceries,9567283692,TXN40120919,Karnataka,187695,Delhi,56,6,0
10,12,10,2025,892.47,FoodDelivery,9144636414,TXN51491540,Maharashtra,904371,Mumbai,53,5,0
11,26,3,2025,2501.27,Utilities,9221708417,TXN97061681,Karnataka,171468,Mumbai,26,15,0
0,12,6,2025,157.42,OnlineShopping,9135659471,TXN62396446,Delhi,124918,Mumbai,35,13,0
2,26,7,2025,384.26,Groceries,9838191929,TXN70196331,Delhi,840147,Bangalore,41,8,0
4,21,3,2025,893.07,FoodDelivery,9351781012,TXN97963491,Gujarat,517165,Ahmedabad,62,10,0
3,8,8,2025,533,Bills,9563681876,TXN26414776,Maharashtra,291082,Chennai,62,16,0
20,1,6,2025,26.7,Bills,9729732971,TXN85302285,Delhi,762643,Bangalore,27,17,0
5,19,11,2025,1781.63,Travel,9321988293,TXN19818968,Karnataka,929119,Bangalore,33,16,0
20,4,2,2025,841.69,Groceries,9271217243,TXN92553680,Delhi,449760,Ahmedabad,48,15,0
17,2,10,2025,259.86,OnlineShopping,9789785254,TXN83825351,Delhi,250033,Ahmedabad,62,19,0
16,22,9,2025,508.46,Utilities,9555330950,TXN81748460,Delhi,789746,Chennai,26,16,0
5,8,11,2025,257.77,Travel,9387766965,TXN36790262,Gujarat,512028,Mumbai,31,7,0
5,7,5,2025,221.14,FoodDelivery,9658173733,TXN57181184,Tamil Nadu,870802,Chennai,64,3,0
19,8,11,2025,1144.05,OnlineShopping,9650932191,TXN50066756,Tamil Nadu,214427,Mumbai,64,6,0
3,8,3,2025,957.79,Travel,9351825311,TXN32866176,Gujarat,562590,Delhi,25,8,0
13,13,3,2025,324.95,OnlineShopping,9826953683,TXN42968430,Delhi,314772,Ahmedabad,58,10,0
13,1,8,2025,296.54,Groceries,9253186895,TXN84160262,Karnataka,705750,Ahmedabad,26,15,0
2,24,1,2025,182.3,Travel,9897159084,TXN48177319,Karnataka,422038,Delhi,47,7,0
14,16,3,2025,12.31,Groceries,9196848171,TXN12950161,Tamil Nadu,785459,Ahmedabad,57,1,0
6,15,6,2025,538.68,FoodDelivery,9863608584,TXN66967191,Tamil Nadu,647340,Delhi,61,5,0
4,9,10,2025,159.95,FoodDelivery,9311476028,TXN53113447,Karnataka,726087,Ahmedabad,46,1,1
3,24,5,2025,120,Groceries,9383918312,TXN88352363,Delhi,445182,Mumbai,46,6,0
20,22,8,2025,271.67,Travel,9675849010,TXN72657162,Maharashtra,340678,Ahmedabad,61,16,0
20,18,3,2025,488.98,Travel,9799118028,TXN73666354,Tamil Nadu,411869,Ahmedabad,54,6,0
9,16,8,2025,469.75,FoodDelivery,9708492052,TXN53623911,Karnataka,665222,Ahmedabad,52,17,0
4,25,10,2025,313.13,Travel,9251875981,TXN63957955,Gujarat,354547,Mumbai,29,1,0
4,6,8,2025,861.06,FoodDelivery,9158554917,TXN24410703,Tamil Nadu,419118,Chennai,46,12,1
12,11,1,2025,426.45,Utilities,9871169259,TXN12203087,Maharashtra,958686,Chennai,44,9,0
8,21,9,2025,1708.67,OnlineShopping,9283573546,TXN56314118,Gujarat,499273,Chennai,22,5,0
8,16,9,2025,392.51,FoodDelivery,9953198078,TXN89798785,Delhi,309137,Ahmedabad,23,11,0
11,5,9,2025,50.81,Bills,9781341521,TXN89117906,Delhi,123880,Chennai,48,17,0
22,23,2,2025,1151.08,Travel,9262863118,TXN72265006,Delhi,903538,Chennai,20,6,0
12,27,11,2025,2099.52,Groceries,9519919368,TXN98135029,Karnataka,571426,Mumbai,48,10,0
21,15,11,2025,230,Groceries,9764928585,TXN20691219,Karnataka,799438,Ahmedabad,18,2,0
13,8,6,2025,2542.33,OnlineShopping,9149310748,TXN74418062,Gujarat,844700,Bangalore,60,3,0
19,2,9,2025,1586.35,OnlineShopping,9848267630,TXN21783445,Gujarat,663616,Ahmedabad,63,3,0
2,19,10,2025,562.36,OnlineShopping,9547791214,TXN71825113,Delhi,949228,Ahmedabad,21,13,0
16,2,8,2025,464.03,Groceries,9777484793,TXN50603018,Tamil Nadu,790034,Mumbai,61,12,0
1,25,4,2025,616.32,Bills,9768948111,TXN77964681,Gujarat,205153,Delhi,36,6,0
20,20,3,2025,646.25,Bills,9156163266,TXN93885733,Gujarat,959222,Mumbai,63,19,1
9,15,4,2025,631.55,OnlineShopping,9358012294,TXN70633142,Maharashtra,918706,Chennai,34,19,0
19,13,11,2025,155.06,Groceries,9473326773,TXN54419538,Tamil Nadu,484533,Ahmedabad,56,2,0
9,8,1,2025,245.01,OnlineShopping,9285353371,TXN91335369,Karnataka,839782,Chennai,25,12,0
8,10,6,2025,312.04,Groceries,9736285408,TXN64260949,Tamil Nadu,213828,Ahmedabad,44,15,0
10,8,5,2025,1311.79,FoodDelivery,9804914681,TXN97753263,Gujarat,296322,Mumbai,36,8,0
11,5,9,2025,1388.27,Travel,9962251905,TXN15653278,Tamil Nadu,544128,Chennai,61,12,0
16,20,8,2025,352.01,FoodDelivery,9850240650,TXN95209100,Delhi,825191,Mumbai,25,8,0
13,2,9,2025,102.98,Travel,9489784276,TXN37073134,Tamil Nadu,805314,Mumbai,29,4,0
2,25,3,2025,752.69,Travel,9945822911,TXN16142453,Karnataka,372667,Delhi,27,3,0
23,25,6,2025,541.62,Utilities,9836019988,TXN23776030,Karnataka,742931,Mumbai,60,1,0
20,14,9,2025,149.21,Travel,9514185950,TXN66891878,Delhi,461013,Chennai,23,16,1
8,14,8,2025,1181.29,Bills,9366208477,TXN70727347,Tamil Nadu,198841,Ahmedabad,62,19,0
22,21,10,2025,1054.13,Travel,9587853794,TXN61241823,Maharashtra,358308,Bangalore,49,6,0
19,20,8,2025,117.84,Bills,9643507968,TXN16789177,Gujarat,803708,Delhi,61,8,0
6,18,6,2025,928.35,FoodDelivery,9808015093,TXN10190477,Gujarat,986696,Mumbai,33,13,0
6,27,1,2025,278.84,FoodDelivery,9470150388,TXN50495982,Tamil Nadu,439974,Delhi,56,6,0
7,23,6,2025,117.62,OnlineShopping,9681629215,TXN80891564,Gujarat,515941,Bangalore,29,6,0
12,7,7,2025,276.75,Utilities,9243180020,TXN86916528,Karnataka,156947,Ahmedabad,51,4,0
1,4,2,2025,164.06,Bills,9775158801,TXN16568056,Gujarat,183721,Ahmedabad,39,13,0
8,24,8,2025,192.92,OnlineShopping,9563674814,TXN60652891,Karnataka,642301,Delhi,43,8,0
13,11,5,2025,433.03,OnlineShopping,9967771419,TXN28669724,Maharashtra,556610,Ahmedabad,29,15,0
6,11,10,2025,95.48,OnlineShopping,9286558702,TXN98079593,Gujarat,227309,Bangalore,62,10,1
0,15,10,2025,5.84,Utilities,9950905707,TXN35400119,Tamil Nadu,484474,Chennai,56,9,0
7,14,1,2025,62.45,FoodDelivery,9594280632,TXN18059777,Gujarat,734493,Delhi,21,18,0
13,8,9,2025,127.9,Bills,9940558390,TXN93848831,Karnataka,807288,Ahmedabad,49,12,0
18,12,9,2025,31.16,Travel,9757098776,TXN76757903,Karnataka,228165,Delhi,40,14,0
22,11,4,2025,1038.93,Utilities,9819843902,TXN89665445,Maharashtra,412499,Ahmedabad,25,8,0
11,15,4,2025,395.52,OnlineShopping,9376531629,TXN79399724,Delhi,224501,Ahmedabad,48,13,0
19,1,7,2025,4.27,Utilities,9483125796,TXN10519676,Tamil Nadu,662345,Ahmedabad,59,15,0
8,11,10,2025,2464.93,Groceries,9793741692,TXN11506440,Delhi,843766,Bangalore,21,15,0
19,1,9,2025,946.93,FoodDelivery,9904758604,TXN90619142,Tamil Nadu,962380,Delhi,26,16,0
11,14,3,2025,2286.3,Bills,9154041972,TXN19371520,Gujarat,547154,Ahmedabad,21,16,0
20,21,1,2025,374.63,FoodDelivery,9881444153,TXN79039583,Gujarat,383083,Ahmedabad,32,2,0
15,17,9,2025,690.64,OnlineShopping,9608326980,TXN83170646,Karnataka,269573,Bangalore,36,1,1
13,27,6,2025,87.65,Groceries,9523643485,TXN42743533,Delhi,131126,Mumbai,36,19,0
3,20,3,2025,583.25,Groceries,9132799457,TXN17735491,Gujarat,469841,Chennai,43,19,0
19,10,2,2025,90.94,Groceries,9969376661,TXN82876940,Tamil Nadu,301225,Bangalore,49,8,0
17,2,9,2025,24.38,Bills,9174872276,TXN47881693,Tamil Nadu,101049,Mumbai,25,10,0
10,18,6,2025,302.68,Groceries,9562932724,TXN76058129,Delhi,682438,Ahmedabad,41,16,0
6,6,2,2025,258.5,FoodDelivery,9230981678,TXN99721850,Karnataka,593857,Bangalore,44,5,0
18,24,7,2025,1013.95,FoodDelivery,9157059478,TXN69553486,Karnataka,781336,Ahmedabad,40,6,0
17,3,1,2025,465.45,Travel,9693702276,TXN10115064,Gujarat,153365,Ahmedabad,49,19,0
17,21,6,2025,735.86,Travel,9624441560,TXN68365555,Tamil Nadu,390042,Chennai,51,6,0
2,7,10,2025,166.97,Bills,9875367319,TXN94656528,Gujarat,939232,Ahmedabad,62,18,0
6,15,3,2025,34.18,OnlineShopping,9368487511,TXN48901821,Tamil Nadu,751666,Delhi,25,12,0
16,7,1,2025,1787.95,OnlineShopping,9812045705,TXN41493562,Maharashtra,477591,Chennai,34,17,0
22,14,4,2025,232.58,FoodDelivery,9324292960,TXN72977706,Maharashtra,732049,Ahmedabad,44,18,1
9,26,10,2025,2608.6,Bills,9831300372,TXN75156247,Delhi,927367,Bangalore,54,2,0
16,10,2,2025,115.82,Groceries,9704963907,TXN65207084,Tamil Nadu,783850,Ahmedabad,59,15,0
16,5,2,2025,1917.35,Bills,9887312077,TXN92333970,Karnataka,318811,Delhi,46,10,0
10,8,1,2025,113.31,FoodDelivery,9189804422,TXN14036589,Gujarat,185015,Chennai,60,17,0
2,5,10,2025,713.89,Travel,9124784815,TXN81080450,Karnataka,474344,Bangalore,43,17,0
8,24,3,2025,205.86,Groceries,9975833164,TXN76532096,Karnataka,843470,Chennai,53,10,0
5,27,8,2025,1073.91,FoodDelivery,9757312943,TXN33990957,Karnataka,604393,Chennai,31,16,0
16,21,2,2025,965.36,Utilities,9279987218,TXN11620706,Tamil Nadu,658005,Ahmedabad,27,9,0
2,19,11,2025,319.69,OnlineShopping,9790608978,TXN22044455,Gujarat,157771,Mumbai,52,4,0
23,4,6,2025,480.32,OnlineShopping,9755461131,TXN99458698,Tamil Nadu,101832,Bangalore,59,3,0
22,16,3,2025,1060.87,OnlineShopping,9761689767,TXN91092741,Tamil Nadu,909866,Chennai,44,12,0
12,22,3,2025,576.41,FoodDelivery,9808180625,TXN54990622,Tamil Nadu,738588,Ahmedabad,38,14,0
7,23,3,2025,1133.08,Utilities,9826097490,TXN99206298,Karnataka,620551,Chennai,40,15,0
9,15,8,2025,1331.63,OnlineShopping,9299461386,TXN27454767,Gujarat,264164,Mumbai,31,18,0
4,7,7,2025,63.76,Groceries,9273017059,TXN94491823,Karnataka,249102,Chennai,23,16,0
5,5,9,2025,2184.22,Groceries,9717097628,TXN83858509,Tamil Nadu,409815,Mumbai,53,18,0
13,18,1,2025,666.06,Utilities,9753889976,TXN31133380,Gujarat,149477,Delhi,29,4,0
0,21,11,2025,333.21,Travel,9870947773,TXN69957343,Maharashtra,626657,Chennai,39,17,0
3,5,6,2025,997.98,Groceries,9606149784,TXN46158359,Gujarat,522122,Bangalore,25,13,0
17,27,6,2025,552.72,Travel,9867618641,TXN60816117,Karnataka,418415,Delhi,24,18,0
7,15,1,2025,465.57,Travel,9691687295,TXN59365176,Gujarat,449060,Ahmedabad,49,6,0
13,11,4,2025,947.02,OnlineShopping,9501269336,TXN24460040,Delhi,923513,Delhi,44,4,0
20,22,3,2025,95.37,Bills,9642973822,TXN51709110,Karnataka,925177,Chennai,26,12,0
16,10,11,2025,96.36,Groceries,9826919973,TXN37891351,Tamil Nadu,355035,Delhi,64,2,0
9,16,7,2025,170.33,Travel,9220192203,TXN66068615,Maharashtra,796203,Delhi,63,18,0
16,19,11,2025,3440.96,Groceries,9592379846,TXN25559641,Tamil Nadu,976038,Delhi,62,10,0
20,21,5,2025,1017.5,Groceries,9674527735,TXN23018325,Karnataka,461085,Delhi,21,16,0
2,27,3,2025,656.59,Groceries,9366838942,TXN56747785,Karnataka,921717,Bangalore,38,4,0
5,12,9,2025,967.76,FoodDelivery,9116912240,TXN81486441,Gujarat,474319,Ahmedabad,30,3,0
5,6,7,2025,2065.36,Bills,9456475774,TXN11058335,Karnataka,368556,Bangalore,38,16,0
1,5,2,2025,2068.62,OnlineShopping,9963894584,TXN33206584,Delhi,655728,Ahmedabad,39,5,0
21,22,6,2025,88.28,Utilities,9398537903,TXN31047574,Tamil Nadu,601772,Chennai,58,18,0
19,25,4,2025,1748.29,Utilities,9728667541,TXN11992719,Delhi,162583,Chennai,27,17,1
17,10,10,2025,15.9,Groceries,9944398723,TXN88452035,Maharashtra,932643,Bangalore,26,19,0
4,13,7,2025,304.83,Travel,9915597127,TXN48645181,Karnataka,955542,Chennai,55,11,0
15,7,3,2025,64.83,Bills,9555077164,TXN15443961,Delhi,992055,Chennai,27,9,0
2,22,7,2025,68.75,Utilities,9900224454,TXN35667599,Gujarat,285639,Chennai,37,15,0
5,27,5,2025,701.44,Utilities,9863180417,TXN59859178,Gujarat,673095,Ahmedabad,35,16,1
16,5,6,2025,158.22,Utilities,9568147633,TXN45044928,Delhi,756228,Chennai,48,11,0
17,17,1,2025,197.48,FoodDelivery,9711212316,TXN16755631,Maharashtra,696432,Chennai,59,13,0
6,27,6,2025,62.15,FoodDelivery,9704835019,TXN53721259,Tamil Nadu,216737,Ahmedabad,51,13,0
10,16,1,2025,465.08,Groceries,9833164109,TXN47692168,Delhi,694140,Delhi,53,7,0
11,18,5,2025,125.91,Utilities,9962890457,TXN16438505,Tamil Nadu,538055,Delhi,64,1,1
17,18,2,2025,228.51,Groceries,9559217321,TXN30419677,Maharashtra,399140,Mumbai,38,15,0
16,12,5,2025,865.96,OnlineShopping,9487728107,TXN55921753,Karnataka,106553,Mumbai,53,8,0
14,18,1,2025,86.42,Bills,9986675520,TXN96261726,Tamil Nadu,199599,Mumbai,35,15,0
9,3,10,2025,2444.56,Utilities,9474606658,TXN93817256,Delhi,753524,Ahmedabad,35,4,0
7,13,10,2025,472.4,Utilities,9730879056,TXN97454565,Gujarat,144397,Mumbai,38,10,0
12,12,9,2025,587.17,Travel,9288568865,TXN72446504,Gujarat,924142,Mumbai,21,19,0
6,26,8,2025,962.41,Travel,9758881307,TXN61465590,Delhi,103098,Bangalore,51,17,0
5,26,9,2025,2035.05,FoodDelivery,9925304340,TXN48667694,Delhi,138575,Bangalore,30,5,0
2,19,6,2025,212.78,FoodDelivery,9681841068,TXN91908711,Delhi,279300,Mumbai,32,2,0
22,10,3,2025,1290.79,Utilities,9179562444,TXN49744937,Delhi,433735,Mumbai,52,17,0
1,12,7,2025,377.78,Travel,9814465654,TXN14921207,Delhi,560828,Ahmedabad,54,1,0
13,16,10,2025,960.8,Bills,9629906862,TXN41986409,Gujarat,160155,Mumbai,20,2,0
8,10,4,2025,243.65,Groceries,9530583511,TXN79869484,Tamil Nadu,344826,Bangalore,39,19,0
12,19,11,2025,139.4,Travel,9851598819,TXN85023735,Maharashtra,337230,Chennai,47,7,0
22,13,1,2025,62.08,Utilities,9400081427,TXN98662907,Gujarat,924322,Mumbai,43,18,0
